REFCODE,LCD,PLD,volume,Kh(molec./uc*atm) CH4,Kh(mmol/gratm) CH4,Global_enermax(kJ/mol)CH4,enermaxKJ/mol)CH4,Enermin(kJ/mol)CH4,Ener_dif(kJ/mol)CH4,Kh(molec./uc*atm)H2,Kh(mmol/gratm)H2,Global_enermax(kJ/mol)H2,enermaxKJ/mol)H2,Enermin(kJ/mol)H2,Ener_dif(kJ/mol)H2
ABW,4.13,3.434,454.92394734,0.2389038,0.497018,-9.976758,-11.6597795,-21.9848042,10.3250246,0.0112943,0.0234967,-6.1274843,-6.1876178,-7.1954851,1.0078671
ACO,4.518,3.495,971.769892625,0.9295624,0.9669358,-11.0661678,-11.9371691,-21.0285645,9.0913954,0.0284907,0.0296362,-5.370616,-5.844027,-6.0747466,0.2307199
AEI,7.247,3.661,3189.362593683,1.6423749,0.5694686,-8.661541,-11.9250021,-17.6110897,5.6860886,0.0801743,0.0277992,-1.7139211,-4.0902157,-5.8262768,1.7360612
AEL,5.566,4.54,2084.805599616,1.4646599,0.6094184,-16.1903954,-16.8547268,-19.2888241,2.4340985,0.0279937,0.0116477,-3.4597118,-3.7620835,-4.6943698,0.9322863
AEN,4.323,3.465,2384.73178218,1.2346277,0.4280884,-10.7607737,-15.7098331,-22.4555569,6.7457228,0.0436253,0.0151264,-5.8815317,-6.0255704,-7.2466393,1.221069
AET,8.283,7.528,3953.20646148,0.5492881,0.1269714,-5.9449692,-6.011447,-6.5252395,0.5137925,0.0488597,0.0112942,-1.165195,-1.18021,-1.2850807,0.1048706
AFG,6.299,2.431,2834.74012443988,2.5628374,0.8886247,218.5918732,218.5911407,-22.0816097,240.67276,0.0677226,0.0234818,1.5077474,1.5074198,-8.0343599,9.5417795
AFI,8.235,7.359,1420.6066562699,0.3278944,0.227385,-7.5715065,-7.6453538,-7.8880701,0.2427161,0.0220484,0.0152899,-1.4924237,-1.5092909,-1.5605582,0.0512673
AFN,5.116,3.307,1839.54436065508,1.087727,0.56573,-2.3839462,-7.5712738,-20.516304,12.9450293,0.0388942,0.020229,-3.436826,-4.7782302,-7.3092694,2.5310395
AFO,5.362,4.995,2082.541864392,1.2655941,0.5265907,-15.3177481,-15.431798,-17.184021,1.7522237,0.0278842,0.0116021,-3.2329545,-3.2890539,-3.7714069,0.4823529
AFR,8.295,6.902,2109.81041082,0.9443172,0.4911421,-6.1347427,-6.6875882,-7.9839387,1.2963504,0.0488814,0.0254234,-1.204173,-1.3209568,-1.590482,0.2695252
AFS,9.452,5.952,3827.38545330483,1.2172592,0.3617708,-4.549387,-6.5655904,-10.6077261,4.0421357,0.0886218,0.0263385,-0.8876103,-1.318473,-2.1773255,0.8588524
AFT,7.614,3.521,4780.48020980137,2.5520919,0.5899322,-6.7247157,-11.3532448,-15.9931574,4.6399126,0.1198615,0.0277067,-1.5348198,-4.413671,-5.3333716,0.9197004
AFX,7.589,3.574,3189.17071865996,1.7441197,0.604747,-7.8111429,-12.2897577,-16.0123367,3.7225785,0.0802644,0.0278305,-1.5458692,-4.3855143,-5.3892617,1.0037475
AFY,7.762,5.842,1132.6786324494,0.5716778,0.5946623,-5.9343667,-7.2930112,-10.4843102,3.191299,0.0302139,0.0314287,-1.1664143,-1.4645596,-2.1925273,0.7279677
AHT,3.85,2.693,1248.836855196,0.0905273,0.062778,80.1532059,80.1531754,-19.0539913,99.2071686,0.0183601,0.0127322,-2.8387625,-2.8387988,-7.6111712,4.7723727
ANA,4.154,2.252,2497.189355263,1.0671319,0.3700119,220.6584625,220.6566772,-24.1421738,244.7988434,0.0385688,0.0133732,3.060998,3.0608759,-7.6027942,10.6636696
APC,4.155,3.032,1808.718787584,0.9572332,0.4978597,23.1887798,10.8171206,-21.6126232,32.4297447,0.0398714,0.0207373,-5.455792,-5.8974366,-7.1225719,1.2251354
APD,4.842,3.524,1779.08497104,2.9480394,1.5332836,-10.4461889,-14.3037214,-22.7858486,8.4821272,0.0382016,0.0198688,-5.2797108,-5.8133178,-6.5379128,0.7245951
AST,7.787,1.765,2528.796634624,2.530882,1.0530545,950.1924438,950.1881104,-16.5883389,966.7764893,0.0647357,0.0269354,45.7868614,45.7866898,-5.3847809,51.1714706
ASV,5.362,4.368,1047.241563644,0.9508404,0.7912555,-17.820507,-18.2811527,-19.426548,1.1453954,0.0180059,0.0149839,-3.7896228,-4.1053157,-4.7915244,0.6862087
ATN,5.853,4.047,897.993071496,0.8595066,0.8940633,-15.9532251,-15.9532509,-19.2104588,3.2572079,0.0187828,0.019538,-3.6620917,-4.2322435,-5.2029991,0.9707557
ATO,5.671,5.429,1917.08414916227,0.8768266,0.4053688,-14.7960024,-14.7968636,-15.1317749,0.3349111,0.0257596,0.011909,-3.079906,-3.0802701,-3.1945374,0.1142674
ATS,7.224,6.75,1493.680746432,0.4134315,0.2867025,-8.2249317,-8.265172,-8.9522343,0.6870623,0.0295762,0.0205102,-1.6373607,-1.6480904,-1.7904923,0.1424019
ATT,5.334,3.621,702.57868668,0.7812631,1.0835653,-12.7764368,-15.6686869,-21.44627,5.7775831,0.018111,0.0251188,-3.9249048,-5.3691502,-6.8227243,1.4535743
ATV,4.674,3.406,1269.001999609,1.5277804,1.0594704,-8.3092442,-8.8857908,-22.9807396,14.0949488,0.0203464,0.0141096,-5.4841275,-6.0465674,-6.771769,0.725202
AWO,5.082,3.589,2632.814046935,2.6638185,0.9236383,-11.8637896,-13.2336626,-21.8837128,8.6500511,0.048763,0.0169078,-4.6635308,-5.5980892,-6.6048679,1.0067786
AWW,7.349,4.056,1417.752186412,1.1786498,0.8173587,-11.5772524,-14.2739611,-17.9256554,3.6516945,0.031712,0.0219914,-2.3085942,-3.3806791,-5.0702305,1.6895514
BCT,3.131,2.794,421.12678752,0.0008216,0.0017093,75.4578323,59.4667358,11.1764736,48.2902641,0.0063252,0.013159,-5.8223033,-5.8223295,-7.5410171,1.7186878
BEA,6.601,5.965,4178.432564864,1.564574,0.4068691,-9.1450024,-9.298151,-11.2836685,1.9855171,0.0893566,0.0232373,-1.8497236,-1.8814687,-2.3047624,0.4232936
BEC,6.892,6.461,2116.1970233,0.774634,0.4028894,-7.888299,-7.8883228,-11.0759983,3.1876755,0.0461257,0.0239901,-1.5828846,-1.5829242,-2.2355032,0.6525788
BIK,4.058,3.359,642.88175328,0.2851174,0.3954409,-2.9709878,-10.8025446,-22.0710182,11.2684736,0.0120296,0.0166844,-5.9571362,-6.1029654,-7.2351651,1.1321995
BOF,5.464,4.485,1313.525735214,1.4403339,0.9988289,-16.2913074,-16.8161831,-19.2236881,2.4075038,0.0259152,0.0179714,-3.5798762,-3.8077831,-4.5408931,0.73311
BOG,7.944,6.754,5978.88269028,2.5070951,0.4346481,-6.5808792,-7.6074119,-9.2967529,1.6893405,0.1212806,0.0210261,-1.2932076,-1.5101811,-1.8637242,0.3535432
BPH,9.448,5.954,1914.80225460396,0.5988173,0.355939,-4.5470281,-6.5526171,-11.6784954,5.1258779,0.0441291,0.0262305,-0.8871526,-1.3157629,-2.4032862,1.0875235
BRE,5.158,2.809,873.977298232661,1.0102338,1.0508505,50.2471085,42.6468315,-20.8431892,63.4900208,0.0181876,0.0189189,-3.9090071,-5.2030458,-7.1659603,1.9629142
BSV,5.078,3.703,5134.738707008,5.4662942,0.9476763,-16.6947765,-17.906908,-20.4212093,2.5143011,0.1039297,0.018018,-4.5840545,-4.9952545,-5.9612937,0.966039
CAN,6.21,5.895,710.270379102074,0.6129589,0.8501374,-13.002553,-13.0025883,-13.0735531,0.0709643,0.0173734,0.0240959,-2.6701651,-2.6702063,-2.691421,0.0212147
CAS,4.935,2.837,1279.583522784,1.8489026,1.2821592,47.9402618,43.2413177,-23.1506424,66.3919601,0.0221354,0.0153503,-4.8918862,-4.9918399,-6.9800482,1.9882083
CDO,5.654,3.264,1994.011066245,1.8296656,0.8458793,3.1063187,-5.7290382,-19.2526321,13.5235939,0.0402396,0.0186033,-3.6071818,-5.3795404,-6.8713365,1.4917958
CFI,7.389,7.167,1908.333110768,0.3811049,0.1982138,-7.3795719,-7.3797536,-7.485827,0.1060734,0.0377376,0.0196274,-1.4581813,-1.4582489,-1.4813015,0.0230527
CGF,5.368,2.923,1894.82739536282,2.4488459,1.1321349,35.9659615,27.6144333,-21.4442577,49.0586891,0.0333739,0.0154292,-4.2138128,-4.8901882,-6.6878247,1.7976367
CGS,5.762,3.853,1894.226535508,1.2910332,0.6714701,-13.5443249,-13.6885195,-18.5036335,4.8151145,0.0402969,0.0209585,-3.0052567,-3.9047301,-5.244833,1.3401028
CHA,7.297,3.558,2391.53960060596,1.2783423,0.5909949,-8.703124,-11.3998604,-16.051012,4.6511521,0.060017,0.0277467,-1.7978745,-4.3204002,-5.347528,1.0271279
CHI,3.837,3.482,1410.21884808,0.2447015,0.1401211,-14.5243435,-16.4868164,-20.6384945,4.1516781,0.0176058,0.0100814,-6.2747884,-6.3085771,-6.7642636,0.4556866
CLO,15.661,6.249,17253.512704,6.2015928,0.5287778,-0.6876795,-2.298522,-10.1491003,7.8505783,0.4298076,0.0366475,-0.1332637,-0.46126,-2.0533674,1.5921074
CZP,4.184,3.492,1126.40734140093,1.5558903,1.078964,-14.8630133,-15.8640471,-24.6615658,8.7975187,0.0228024,0.0158128,-6.3026409,-6.4576259,-7.1670752,0.709449
DAC,5.192,4.088,1375.14966821867,1.7081344,1.1845406,-15.4930649,-16.6766109,-17.6665421,0.9899304,0.0321385,0.0222871,-3.36707,-3.9476452,-4.6162844,0.6686394
DFO,11.23,7.124,8864.89718221035,3.2846351,0.4141439,-2.6124816,-3.6996052,-7.1834707,3.4838653,0.1967306,0.0248048,-0.5074816,-0.7262894,-1.4291801,0.7028908
DFT,5.04,3.589,451.651904375,0.6839268,1.4228485,-12.0858212,-12.0858593,-22.2174931,10.1316338,0.0115093,0.023944,-5.1534028,-5.5614586,-6.6089277,1.0474689
DOH,7.792,2.562,2005.18984528223,8.8041614,4.3097131,193.4838257,193.4837799,-17.3643818,210.848175,0.0578033,0.0282952,0.8058636,0.8058378,-5.9613581,6.7671957
DON,8.71,7.988,3737.91891465,0.6161192,0.1602224,-5.4913535,-5.5369406,-5.8769512,0.3400108,0.0526472,0.0136909,-1.0747269,-1.0846075,-1.1534636,0.0688561
EAB,7.075,3.377,2256.65743784746,2.0828166,0.9629142,-3.9382832,-4.8509989,-18.8377419,13.9867439,0.0565773,0.0261564,-2.002944,-4.3979993,-5.9188294,1.5208299
EDI,5.639,3.379,307.48434116,0.3454038,1.1497308,-3.6781533,-3.6781821,-18.9298229,15.2516413,0.0080599,0.0268285,-3.8795483,-4.8747725,-6.5761614,1.701389
EMT,11.485,7.306,7207.30200934281,5.4828403,0.9505449,-2.4295347,-4.3929725,-6.1574864,1.7645143,0.168537,0.0292188,-0.4717824,-0.8646457,-1.2263303,0.3616846
EON,7.67,6.634,3563.018109456,3.0141808,0.8360969,-8.2883778,-8.6000662,-9.5358953,0.9358285,0.0778584,0.021597,-1.6396368,-1.7105922,-1.9147273,0.2041351
EPI,5.38,3.548,1357.15423020047,1.5781788,1.0944201,-8.3036518,-9.4283571,-20.1138077,10.6854496,0.0314773,0.0218286,-3.8807054,-4.8917551,-6.4816923,1.5899373
ERI,6.891,3.245,2239.47669923981,1.3348684,0.617128,1.3135104,-2.4249737,-16.5506935,14.1257191,0.0506188,0.0234017,-2.1351531,-4.9463711,-5.656045,0.7096738
ESV,6.114,3.467,2704.262778096,3.3104575,1.1478512,-8.1610403,-9.2205629,-20.4304066,11.2098427,0.0652567,0.0226268,-2.9722857,-4.7431946,-6.2140908,1.4708964
ETR,9.969,9.265,3106.84036424839,1.5670036,0.5433348,-3.2997143,-3.3008678,-3.4095826,0.1087148,0.064748,0.0224504,-0.642503,-0.6427389,-0.6644546,0.0217157
EUO,6.917,4.861,6540.769442902,3.1563527,0.4690355,-9.6665735,-12.8264437,-16.9464531,4.1200085,0.1239474,0.0184186,-1.9588236,-2.7701056,-3.8016775,1.0315717
EZT,6.411,5.924,2790.765106038,1.5042868,0.5215888,-10.9744577,-11.6008415,-13.6945734,2.0937321,0.051493,0.0178544,-2.2206519,-2.3654299,-2.8152974,0.4498674
FAR,5.891,2.29,4915.09205261923,7.445979,1.4753017,251.8871765,246.1904144,-20.3166752,266.5070801,0.1193474,0.0236468,3.5849323,3.2412117,-6.4055705,9.6467829
FAU,11.059,7.128,14428.770863625,10.7776406,0.9342473,-3.1329131,-4.8641934,-6.2087822,1.3445889,0.3369513,0.0292082,-0.6091007,-0.9585164,-1.2367543,0.2782379
FER,5.543,4.628,2051.260997614,2.2878178,1.057689,-16.4319096,-16.544714,-18.3221474,1.7774352,0.0433564,0.0200443,-3.5129936,-3.6791203,-4.1939611,0.5148407
FRA,6.53,2.588,3834.7469566639,5.0335357,1.3962407,172.5452118,172.5451508,-23.7934456,196.3386078,0.0999186,0.0277162,-0.1308824,-0.1309111,-7.6440616,7.5131502
GIS,4.84,3.236,975.773426958,0.7933902,0.8252886,-0.4320873,-1.3599484,-18.9141541,17.5542049,0.0266722,0.0277446,-4.2975135,-5.5214834,-6.8618197,1.3403363
GIU,6.246,2.432,5604.02324795718,6.7842989,1.1761751,210.9942017,210.9941864,-20.2802486,231.2744446,0.1323588,0.0229467,1.410951,1.4109212,-6.4189291,7.8298507
GME,7.696,7.048,1594.52363725778,0.9072044,0.6291194,-7.703146,-7.845715,-8.0202589,0.174544,0.0403232,0.0279629,-1.5247809,-1.5570968,-1.5982357,0.0411388
GON,6.25,5.357,1691.9067,0.6751159,0.3511297,-12.4468908,-13.1131086,-13.7838144,0.6707063,0.0222125,0.0115528,-2.5445426,-2.7300308,-2.8984542,0.1684233
GOO,4.423,3.069,1687.5462807,1.0801795,0.5618045,11.4518375,5.9679751,-21.0110378,26.9790134,0.0337379,0.0175472,-4.7656775,-5.8253446,-7.2753935,1.4500488
HEU,5.891,3.602,2054.80556085677,2.1364927,0.9877296,-10.2658882,-10.2659197,-18.3793488,8.1134281,0.0465393,0.0215158,-3.2617865,-4.6590667,-5.8463087,1.1872418
IFR,7.225,6.186,1865.44422584855,1.0329677,0.5372495,-9.7654219,-9.967947,-11.9058361,1.9378885,0.0377655,0.019642,-1.9506803,-2.0018249,-2.4164693,0.4146446
IHW,6.581,3.54,6064.636156647,3.7372277,0.5553538,-9.571929,-9.7710514,-20.7698097,10.9987574,0.104986,0.015601,-2.5165703,-5.078227,-6.640542,1.562315
IMF,6.811,5.3,16472.25892192,11.068766,0.6396549,-10.2271709,-11.6192122,-15.9710608,4.3518486,0.3121114,0.0180367,-2.0471287,-2.4129202,-3.4433956,1.0304754
ISV,6.856,6.207,4255.205576424,1.4064835,0.3657574,-7.6647472,-7.7475605,-9.9046211,2.1570609,0.0915138,0.0237983,-1.5347505,-1.553134,-2.0031748,0.4500408
ITE,8.206,4.12,4071.079401708,2.0338116,0.5288947,-7.7028618,-12.7259541,-17.4573898,4.7314367,0.0891175,0.0231751,-1.5145929,-2.97999,-4.7771926,1.7972028
ITH,6.61,4.984,3213.72509556,1.8662603,0.5546549,-10.8040428,-12.6582222,-16.4959698,3.8377469,0.0615932,0.0183056,-2.1790128,-2.6713424,-3.5909991,0.9196568
ITR,6.217,5.007,6454.69892829,3.7191659,0.5526698,-11.7254009,-13.5114012,-16.5731907,3.0617893,0.1245334,0.0185057,-2.3816562,-2.8583586,-3.6366231,0.7782646
ITW,4.657,3.792,1354.0958114998,1.3790348,0.9563198,-15.7986994,-15.8092031,-21.5229645,5.7137623,0.0317854,0.0220422,-4.2688608,-4.7555065,-6.158133,1.4026268
IWR,7.405,5.838,3580.226755416,1.5334184,0.4557338,-6.960887,-8.401432,-12.3579197,3.9564879,0.077133,0.022924,-1.3769389,-1.7020167,-2.5430202,0.8410035
IWS,8.166,6.51,9194.403522668,2.5774996,0.3154263,-5.5351391,-6.7691174,-8.8952694,2.1261528,0.1944205,0.0237926,-1.086309,-1.3475899,-1.794293,0.4467032
IWV,8.477,6.856,10119.577809264,2.4866639,0.2722777,-5.1103315,-6.3404531,-7.1025028,0.7620498,0.2017495,0.0220906,-1.0006666,-1.2560519,-1.4100424,0.1539905
IWW,6.997,6.178,6737.054768613,2.999484,0.4457248,-7.4650269,-8.21772,-11.5198135,3.3020935,0.1388503,0.0206332,-1.4847571,-1.6495976,-2.3387475,0.68915
JBW,4.175,3.54,319.4835948,0.2174241,0.6031085,-14.475647,-15.2153616,-22.8112831,7.595922,0.0063118,0.0175083,-5.9841399,-6.1139512,-7.0607457,0.9467945
JRY,4.485,4.247,1299.090692,1.7396562,1.2064,-19.2946281,-19.7638359,-21.2154274,1.4515915,0.0266306,0.0184675,-4.7711492,-4.7839117,-5.6160269,0.8321154
KFI,10.608,3.979,6412.049636552,2.9773893,0.5161818,-4.6131711,-12.1786442,-18.2888737,6.11023,0.1591532,0.0275919,-0.8986203,-3.1052992,-5.3317981,2.2264986
LAU,5.93,3.91,1333.59418615209,1.1666964,0.8090695,-14.5928698,-15.4729528,-18.4817028,3.008749,0.0252555,0.0175139,-3.0349929,-4.2928925,-5.1404128,0.8475202
LEV,7.028,3.371,3390.43744706922,2.836437,0.8742147,-3.1373577,-4.5230241,-16.9344864,12.4114637,0.0844566,0.0260302,-2.33777,-4.450736,-5.6485567,1.1978205
LIO,5.994,2.231,2041.79737342224,4.1450975,1.9163347,321.94104,321.9355469,-26.4036083,348.3391724,0.0495352,0.0229008,7.4281039,7.4271588,-7.5773501,15.004509
LIT,3.124,1.71,1248.138383424,1E-07,1E-07,1180.112793,1004.8778687,7.3203068,997.5575562,0.004826,0.0032045,55.4293785,47.9033623,-8.4890499,56.3924141
LOS,6.237,2.382,1423.22864503614,1.7454317,1.2104053,219.8340759,206.7077179,-18.9813404,225.6890564,0.0360752,0.0250171,2.1381817,1.3687314,-6.2778387,7.6465702
LOV,5.091,3.63,1071.117686444,1.2226417,1.1304875,-13.4504213,-13.4509506,-22.7138538,9.2629042,0.0267688,0.0247512,-4.8503289,-5.4064569,-6.2688646,0.8624075
LTA,10.991,4.152,1693.243664559,1.4375397,0.9968911,-4.3970504,-11.3980885,-14.9086952,3.5106063,0.0435461,0.0301979,-0.8562081,-2.7052524,-4.7608604,2.0556083
LTF,8.08,7.435,6394.27582553353,4.8004376,0.7397676,-7.5478306,-7.5855956,-7.7180042,0.1324083,0.1412418,0.021766,-1.4890597,-1.4979669,-1.5256896,0.0277227
LTL,9.952,7.438,2153.07082923992,0.4991578,0.2307674,-4.2249961,-4.8028111,-5.8755083,1.072697,0.0348439,0.0161088,-0.8233864,-0.9415915,-1.1662209,0.2246294
LTN,10.032,1.913,45201.713461848,61.3758591,1.330049,802.2798462,526.399353,-20.921751,547.321106,1.0337828,0.0224026,32.0801048,19.7522087,-6.6590033,26.411211
MAR,6.286,2.291,4052.0205758138,6.5095652,1.5047277,343.1550598,343.1550293,-19.5210991,362.6761169,0.0949651,0.0219518,7.9964509,7.9964232,-6.4694533,14.4658766
MAZ,8.014,7.441,2161.84583855465,1.6634321,0.7690272,-7.6252131,-7.663465,-7.7935071,0.130042,0.0479641,0.0221744,-1.5045772,-1.5138319,-1.540886,0.0270543
MEI,8.002,6.844,2317.89793092565,0.9052401,0.4431228,-5.8245912,-6.3533797,-7.7551036,1.401724,0.0542173,0.0265398,-1.143738,-1.2553908,-1.5562114,0.3008205
MEL,7.588,5.084,5529.9383611,3.4824332,0.6037398,-9.3415375,-11.7665939,-17.1274757,5.3608813,0.1034487,0.0179346,-1.8539575,-2.4519672,-3.7620919,1.3101245
MEP,5.428,1.759,2574.169377625,11.2375619,4.065868,1188.5166016,1182.8138428,-22.1609402,1204.9748535,0.0723884,0.0261909,59.9466896,59.9466629,-6.9335103,66.8801727
MER,6.592,4.141,1954.329977376,1.6573833,0.8620099,-12.3494625,-13.7725353,-23.0776348,9.3050995,0.0511895,0.0266238,-2.5083435,-3.1727083,-5.800705,2.6279964
MFI,6.206,4.525,5211.28163164,4.1735702,0.7235603,-11.9306936,-13.9525452,-19.4645882,5.512043,0.09454,0.0163901,-2.4206643,-3.0915449,-4.6658177,1.5742729
MFS,6.737,5.295,2063.781454944,1.0415816,0.4815373,-10.8400278,-13.1917915,-16.1909485,2.9991567,0.0424349,0.0196182,-2.1746333,-2.7762458,-3.506186,0.7299401
MON,4.173,3.352,906.624579025,0.4603247,0.4788322,-7.3829479,-8.8018293,-21.6835423,12.8817129,0.0234989,0.0244437,-5.889504,-6.2179022,-6.8721495,0.6542474
MOR,6.589,6.287,2827.259765568,2.6576592,0.9215031,-9.4551382,-9.5197535,-9.8119459,0.2921929,0.0599057,0.0207714,-1.8911401,-1.9090821,-1.9752256,0.0661435
MOZ,9.973,7.478,6366.48861818535,2.9036445,0.4474638,-4.1663346,-4.7066131,-5.7746773,1.0680643,0.115973,0.0178719,-0.8119224,-0.9219701,-1.1456916,0.2237215
MRE,6.205,5.476,2442.523548276,1.4171273,0.4913673,-14.9143419,-15.152936,-16.003685,0.8507503,0.0283404,0.0098266,-3.0606556,-3.1397882,-3.3748844,0.2350962
MSE,6.998,6.433,6843.764819412,2.8237684,0.4196133,-8.9025202,-9.1217976,-10.9933805,1.8715829,0.1388655,0.0206355,-1.7757493,-1.8270333,-2.2182124,0.3911791
MSO,7.17,1.941,5048.40632083466,2.5163319,0.4653328,624.4518433,581.4110107,-18.2077141,599.6187134,0.0850478,0.0157275,25.1736774,23.1633453,-9.2205677,32.3839149
MTF,6.169,3.896,2121.45464199827,1.683007,0.636608,-13.922677,-15.4577837,-21.6234417,6.1656575,0.0308205,0.011658,-2.8320351,-4.1856656,-6.236227,2.0505612
MTN,7.382,2.41,7919.869039237,36.0085054,4.4066057,209.566864,209.5634155,-18.1040401,227.6674652,0.2318827,0.0283771,1.6274962,1.6268224,-6.0528736,7.6796956
MTT,6.054,5.012,1318.209551424,0.6343299,0.439889,-14.0427361,-14.6409817,-16.1596146,1.518633,0.0204381,0.0141732,-2.8904488,-3.1118412,-3.5275984,0.415757
MTW,5.997,5.59,1535.76197447354,0.5843162,0.3473195,-11.8492413,-11.9473095,-13.0064287,1.0591196,0.0260996,0.0155137,-2.4183443,-2.4462764,-2.7068944,0.2606178
MWW,6.104,4.825,4518.74975577976,2.8699382,0.6634045,-13.5219994,-14.6706038,-16.7120876,2.0414834,0.1006557,0.0232672,-2.7581072,-3.1766882,-3.7440934,0.5674052
NAB,4.247,3.445,621.537495808,0.1596728,0.265748,-9.1206865,-10.436121,-20.6153202,10.1791992,0.0159537,0.0265521,-5.6671305,-5.7534866,-6.141438,0.3879514
NAT,4.441,4.218,1231.50045,1.1611109,0.9662352,-18.964201,-19.0208111,-19.5126896,0.4918793,0.0324668,0.0270177,-4.7985568,-4.8275824,-4.9769311,0.1493489
NES,6.978,5,8271.1375344,3.3824972,0.4139393,-9.6635723,-12.4951963,-16.0956459,3.6004496,0.1662704,0.0203476,-1.9599836,-2.6498263,-3.6119559,0.9621297
NON,6.428,2.141,4987.71932232,3.0470115,0.5762748,364.429657,343.3872986,-18.8382416,362.2255554,0.1025948,0.0194035,9.3796196,9.2410765,-6.6020446,15.8431206
NPO,4.151,3.647,320.672150806069,0.0606288,0.168177,-17.1213207,-17.3123741,-20.2629642,2.9505894,0.0044101,0.0122331,-5.9989524,-5.9989734,-6.1719284,0.1729551
NSI,4.086,3.134,638.93953047195,0.1972394,0.2735593,17.8634472,-3.8631475,-22.1215744,18.2584267,0.0116241,0.016122,-6.1251879,-6.1420898,-7.6241002,1.4820106
OBW,9.201,4.976,5971.379770224,1.9913017,0.4360757,-4.7770271,-8.7535095,-12.4551945,3.7016847,0.152069,0.0333016,-0.9333182,-1.8347776,-2.8040013,0.9692238
OFF,6.861,6.439,1117.95781900035,0.8592459,0.7944819,-9.6830778,-9.7654982,-10.5842428,0.8187449,0.0256164,0.0236856,-1.9375952,-1.9572558,-2.1342499,0.1769941
OSI,6.588,6.22,1804.142685648,0.4773974,0.2482958,-10.3263712,-10.3264112,-10.4860296,0.1596181,0.0280679,0.0145982,-2.0810761,-2.0822668,-2.1204119,0.0381451
OSO,6.007,5.805,675.694624809071,0.2088904,0.3862913,-9.444788,-9.4448137,-9.6539392,0.2091254,0.0167402,0.030957,-1.9346792,-1.9347544,-1.9860657,0.0513113
OWE,5.694,3.463,934.0408044,0.9938594,1.0338178,-4.4672232,-12.905797,-19.3050594,6.3992634,0.0224351,0.0233371,-3.334126,-5.0755382,-7.0809088,2.0053706
PAR,4.519,3.428,1756.35569026659,0.4494331,0.2417999,-7.4048352,-9.477293,-18.6147366,9.1374426,0.0274179,0.0147511,-4.0200071,-4.4276218,-5.7958121,1.3681905
PAU,10.422,4.01,42282.401368472,37.273199,0.9231229,-4.7797604,-11.0772896,-23.0379467,11.9606571,1.1375169,0.0281722,-0.9315222,-2.6737032,-6.0832677,3.4095647
PHI,5.283,3.576,1953.69971616,1.729415,0.8994737,-12.2123604,-12.606842,-22.6022606,9.9954185,0.0527454,0.027433,-3.4778414,-4.6058612,-6.6833,2.0774391
PON,4.834,4.134,1320.566161262,1.1842284,0.8212273,-17.8899956,-18.6486702,-19.6674385,1.0187682,0.0254659,0.0176598,-4.2791061,-4.5504255,-5.1201401,0.5697147
RHO,10.371,4.001,3320.619713559,2.7480957,0.9528606,-4.8393717,-11.1065178,-22.9157085,11.8091898,0.0863391,0.0299368,-0.943231,-2.690882,-6.0745702,3.3836882
RON,5.677,4.667,3077.658324,1.1336206,0.3230751,-13.4041481,-14.505825,-15.5188932,1.0130682,0.0348863,0.0099424,-2.9356196,-3.3765836,-3.6891799,0.3125962
RRO,4.353,3.941,1007.69988986579,0.5303733,0.4903975,-16.7565231,-18.0168495,-19.6974335,1.6805845,0.0220744,0.0204105,-4.7710633,-4.836729,-5.6839666,0.8472376
RSN,4.183,3.633,2142.1390818036,1.7104393,0.7907592,-13.1509943,-13.151022,-20.3422928,7.1912704,0.0523566,0.0242052,-4.8192739,-5.3719645,-6.2920966,0.9201323
RTE,6.999,3.918,1398.57936128248,1.1812693,0.8191753,-11.9853439,-14.7780666,-19.0412121,4.263145,0.0307573,0.0213293,-2.3987079,-3.773833,-5.5800757,1.8062429
RTH,8.119,4.077,1988.84005903509,1.0744102,0.5588038,-8.0402813,-13.7199373,-17.4441605,3.7242227,0.0444627,0.0231252,-1.5817367,-3.2913268,-4.9902554,1.6989287
RUT,5.852,2.303,1985.62902234296,2.7924288,1.2909781,236.2553406,232.2807922,-20.2233391,252.5041351,0.0438272,0.0202619,3.328248,2.1019175,-6.9376054,9.0395231
RWR,4.314,3.126,1666.5349446,1.7598152,0.915285,8.0842009,8.0841112,-23.0514431,31.1355553,0.0330497,0.0171893,-5.783793,-5.976696,-7.2258,1.2491039
RWY,14.344,6.071,5603.709294728,0.6869573,0.238192,-1.2574232,-4.0424581,-7.3679547,3.3254967,0.1407881,0.0488161,-0.24382,-0.8134965,-1.5238831,0.7103867
SAO,8.51,6.689,3948.06292106,1.0694758,0.3178496,-5.2710319,-6.953166,-8.4535351,1.5003685,0.0909428,0.0270283,-1.0323945,-1.3802512,-1.6984322,0.318181
SAS,8.928,4.158,2140.883742798,0.8820321,0.4587475,-6.836483,-12.6515074,-15.2804089,2.628902,0.049262,0.0256213,-1.3395526,-2.9377081,-4.7171216,1.7794132
SAT,6.78,3.09,4386.82273498109,2.5216553,0.5828966,9.771246,9.0940428,-17.8300457,26.9240875,0.0944196,0.0218257,-2.2845454,-5.0019507,-5.7867327,0.7847816
SAV,8.687,3.973,3284.848755369,1.4146033,0.4904923,-6.4774108,-10.7889118,-15.4627094,4.6737976,0.0805423,0.0279268,-1.2699702,-2.6770971,-4.7625928,2.0854955
SBE,12.479,7.21,9320.777438904,3.4171072,0.4443107,-2.0488801,-4.1361494,-7.5383725,3.4022233,0.2126293,0.0276472,-0.3975154,-0.8129426,-1.4968224,0.6838798
SBN,4.977,3.638,619.370118054888,0.7465039,1.2424277,-14.089654,-14.2899408,-20.6061916,6.3162508,0.016053,0.0267174,-4.7665076,-5.2414947,-5.692903,0.4514081
SBS,11.308,7.071,6997.15121312546,1.4721896,0.2552295,-3.0373626,-4.8835115,-6.2813458,1.3978342,0.1553383,0.0269306,-0.5901597,-0.9623674,-1.246521,0.2841536
SBT,11.084,7.163,10501.0911768082,2.1879345,0.2528775,-3.3023627,-4.9575782,-6.0371389,1.0795606,0.2327109,0.0268963,-0.6422811,-0.9761242,-1.1966224,0.2204982
SFE,6.531,6.055,827.162628789456,0.219719,0.2612032,-8.8448133,-8.895319,-10.0012827,1.1059645,0.0139261,0.0165554,-1.7737936,-1.7910129,-2.040446,0.2494332
SFF,7.553,5.205,1793.14969002713,0.9576815,0.4980929,-9.2967653,-11.6988935,-14.3759165,2.6770227,0.0355156,0.0184718,-1.838466,-2.418165,-3.037303,0.619138
SFG,6.856,5.232,4195.0339834,1.7244993,0.3878553,-9.5729418,-11.0572491,-15.2318735,4.174624,0.0670248,0.0150745,-1.919832,-2.2924812,-3.2310071,0.938526
SFH,7.998,6.887,3880.69265171,0.7325714,0.1905059,-6.3215694,-6.9162617,-8.2581539,1.3418922,0.0737776,0.0191859,-1.2434745,-1.3693624,-1.6537682,0.2844059
SFN,7.87,6.626,1933.11001612364,0.3752162,0.195151,-6.4147038,-6.7306666,-8.2151508,1.4844835,0.0346174,0.0180046,-1.2620132,-1.3356934,-1.6431875,0.3074942
SFO,7.914,6.879,2109.75348875575,0.9033036,0.4698108,-6.5198364,-6.8998456,-8.7157907,1.8159454,0.0485702,0.0252615,-1.2856441,-1.3669951,-1.7486018,0.3816067
SFS,7.406,5.712,3367.49693603232,1.6793788,0.4991134,-7.2214413,-9.6860533,-12.3875465,2.7014933,0.0655503,0.0194816,-1.4277127,-1.9755429,-2.5760078,0.6004649
SGT,7.682,2.015,3666.234713724,3.1276591,0.8133506,552.2329102,552.2305908,-17.6287918,569.859375,0.083939,0.0218284,21.1867237,21.1862888,-5.8164463,27.0027351
SIV,5.249,3.602,3910.737159525,3.4145108,0.887947,-12.5466881,-12.9157782,-22.6074982,9.69172,0.1066026,0.0277221,-3.4846907,-4.5779581,-6.7212057,2.1432474
SOD,6.259,2.312,720.528032125,1.5364666,2.1309876,249.3135223,247.4663239,-19.6136646,267.0799866,0.0195361,0.0270954,4.0979247,3.3910594,-6.3256888,9.7167482
SOF,5.055,4.254,2435.74549434612,2.314702,0.9631059,-13.5090847,-13.9853039,-16.9246063,2.9393032,0.0615054,0.0255913,-3.0672636,-3.3639729,-4.4174352,1.0534621
SOS,4.706,4.105,1414.449184392,0.4333041,0.3004836,-14.6701345,-14.7358875,-17.1856861,2.4497988,0.029214,0.020259,-3.6150029,-3.7898986,-4.5931554,0.8032568
SSF,7.574,6.139,3281.18579776362,0.8902928,0.2743959,-7.0227609,-8.8086424,-10.5469341,1.7382915,0.0583289,0.0179775,-1.3872997,-1.7758029,-2.1542416,0.3784388
SSY,7.232,5.757,1659.354779214,0.4336898,0.2577866,-8.3333216,-9.2021313,-11.6385908,2.4364605,0.0280057,0.0166467,-1.6526682,-1.8685863,-2.4070346,0.5384485
STF,7.558,5.309,1896.24080525238,1.0115113,0.52609,-8.35818,-10.7778282,-14.1061697,3.3283415,0.0395708,0.0205809,-1.6486477,-2.2174287,-3.007386,0.7899573
STI,6.222,4.846,4312.585840968,3.05767,0.7068002,-12.7374239,-14.4659452,-16.1774082,1.7114633,0.0965012,0.0223069,-2.5895994,-3.0866251,-3.6716893,0.5850641
STO,6.739,5.967,5988.49313709032,1.8827091,0.2797715,-9.5894699,-10.0568142,-11.7667522,1.7099379,0.0792128,0.0117711,-1.914629,-2.0317254,-2.4104958,0.3787702
STT,6.957,3.932,3773.00148389759,2.4186711,0.6289779,-9.6360626,-14.4504986,-19.4999619,5.0494623,0.0809966,0.0210632,-1.9159244,-3.737993,-5.530663,1.79267
STW,5.314,4.716,3660.7002111284,3.5578371,0.9869004,-13.7189884,-13.8174887,-17.2943726,3.4768846,0.0945829,0.0262361,-3.0272117,-3.0595605,-3.946547,0.8869866
SVR,5.755,4.911,5348.87751148247,3.8464346,0.6800915,-13.1832924,-14.1398993,-18.0238247,3.8839252,0.0989756,0.0175,-2.7188022,-3.0084832,-4.0024066,0.9939235
SZR,6.176,4.596,2041.90598118,0.9728404,0.4497573,-12.6884212,-14.5595684,-17.65662,3.0970507,0.0428253,0.0197987,-2.5884161,-3.2076592,-4.1978827,0.9902235
TER,6.84,5.03,4694.045349924,3.3320536,0.6932029,-10.5448446,-12.4738207,-17.2612247,4.7874041,0.0951336,0.0197917,-2.1173089,-2.6233902,-3.7899387,1.1665485
THO,5.089,3.564,635.236,0.5678868,0.9451501,-11.1775274,-11.177557,-18.8959656,7.7184091,0.0162346,0.0270197,-3.9184766,-4.7288303,-6.0300183,1.3011881
TOL,6.3,2.141,4030.68808157112,5.978022,1.3818581,379.5390625,296.802948,-21.0899677,317.8929138,0.0919062,0.0212447,10.7379026,6.4785738,-6.680141,13.1587143
TON,5.624,5.028,1322.73237096,0.7101609,0.4924756,-14.8485966,-14.9862452,-16.7393589,1.7531139,0.0206952,0.0143515,-3.1456661,-3.249109,-3.6529429,0.4038339
TSC,16.39,4.022,29053.359278488,14.8270357,0.6426272,-1.2210695,-9.621007,-14.7977428,5.1767359,0.685089,0.0296928,-0.2366522,-2.4385948,-4.8411264,2.4025316
TUN,8.393,5.326,10904.1684375136,6.9825036,0.60527,-6.2156262,-9.1593084,-15.3190279,6.1597199,0.2069278,0.0179373,-1.2174975,-1.8910739,-3.2614625,1.3703884
UEI,5.491,3.7,2749.02773922,2.185565,0.7578113,-13.2762213,-14.0581036,-22.4342461,8.3761425,0.0541362,0.0187709,-3.663785,-4.960228,-6.8378034,1.8775756
UFI,10.03,3.829,4209.9394375,4.4751537,1.163768,-4.5978556,-11.9880953,-14.7878256,2.7997303,0.1063718,0.0276621,-0.8955712,-3.126092,-4.9125371,1.7864454
UOS,5.763,4.135,1362.04198284,1.0108418,0.7009889,-15.2760553,-16.0821419,-19.8771725,3.7950308,0.0271184,0.0188058,-3.2408075,-3.9724109,-5.2600279,1.2876167
UOZ,5.291,1.328,2047.115279704,3.0861135,1.2840765,83144.6953125,83144.6953125,-22.876009,83167.578125,0.0392959,0.0163503,83144.6953125,83144.6953125,-7.0233436,83151.7265625
USI,6.634,6.111,2514.5234718223,1.1150095,0.4639354,-8.4382048,-8.5948496,-10.5311441,1.9362941,0.0542353,0.0225663,-1.6921457,-1.7272044,-2.1405494,0.4133449
UTL,9.21,7.505,4872.2860783516,1.4034312,0.3073378,-4.5253663,-5.0485821,-7.000247,1.9516649,0.0954399,0.0209004,-0.8834876,-0.9905041,-1.3834473,0.3929431
VET,6.259,5.796,842.398504192,0.2506603,0.2454006,-11.963975,-12.070241,-12.4907751,0.4205333,0.0095873,0.0093862,-2.4200726,-2.452693,-2.5573926,0.1046997
VFI,11.939,11.333,2486.6557128433,0.2467868,0.1140928,-2.2434714,-2.2487113,-2.2675335,0.0188222,0.0451345,0.0208663,-0.4355212,-0.4365136,-0.4402263,0.0037127
VNI,4.69,2.99,3415.465776564,1.6054774,0.4453398,25.8626671,9.5052071,-20.5479469,30.053154,0.070725,0.0196182,-4.7249265,-5.2631001,-7.1581626,1.8950628
VSV,4.247,3.641,2142.659194912,0.9161502,0.423549,-13.3484335,-13.4396505,-20.3544998,6.9148498,0.0511365,0.0236411,-4.8114858,-5.3688879,-6.2979517,0.9290639
WEI,4.086,3.364,1211.777916426,0.447441,0.3723444,-6.5526319,-8.6468544,-20.0057487,11.3588943,0.031312,0.0260567,-4.847611,-4.9804792,-7.0616145,2.0811355
WEN,5.456,4.634,1208.16765521833,0.9133124,0.7702817,-15.3029013,-15.4678345,-17.6110477,2.143213,0.0272627,0.0229932,-3.302592,-3.4593387,-4.066123,0.6067845
YUG,4.401,3.043,891.336238429569,0.6449574,0.6708881,17.777504,17.7758446,-20.8189068,38.5947533,0.0208697,0.0217087,-5.0579629,-5.3731165,-7.7462263,2.3731098
ZON,5.686,3.419,1773.07869576,2.4070916,1.2519353,-5.0211177,-6.1358924,-20.1013069,13.965414,0.0387951,0.0201774,-3.6968496,-4.9530916,-6.4051318,1.4520402
