name,density,spg,volume,SiOSi_average,SiOSi_gmean,SiOSi_hmean,SiOSi_max,SiOSi_mean,SiOSi_min,SiOSi_skew,SiOSi_std,SiOSi_var,SiO_average,SiO_gmean,SiO_hmean,SiO_max,SiO_mean,SiO_min,SiO_skew,SiO_std,SiO_var,ASA,AV,NASA,NAV,VolFrac,largest_free_sphere,largest_included_sphere,largest_included_sphere_free,max_dim,min_dim,mode_dim,g_gbr,k_gbr
ABW,1.75453196385,74,18.9551644725,160.74041643,160.343937109,159.964019523,180,160.74041643,149.408304628,0.910065430695,11.5192308934,132.692680375,1.60903312169,1.60903312169,1.60903312169,1.60903312169,1.60903312169,1.60903312169,1.67992780631,2.08E-16,4.31E-32,0,0.0122198,0,0,0.02144,3.10046,3.61163,3.61163,1,1,[1],42.3983997144,89.8769433202
ACO,1.6427317059,229,20.2452060964,156.295855837,155.733277552,155.207552611,180,156.295855837,148.394474485,1.15470053838,13.6855939517,187.295481811,1.6057981601,1.6057981601,1.6057981601,1.6057981601,1.6057981601,1.6057981601,0.607114201832,5.47E-16,2.99E-31,0,0.0249099,22.7411,0,0.04092,3.15967,3.91932,3.91754,3,3,[3],31.4076613475,90.1803038965
AEI,1.50157641212,63,22.148351345,149.121202504,149.110811936,149.100400774,151.266150613,149.121202504,146.100525784,-0.251464009626,1.75856886221,3.09256444312,1.6104403197,1.61044024452,1.61044016935,1.6111184242,1.6104403197,1.60996570657,0.549563558485,0.000492101640139,2.42E-07,0,0.0910248,675.805,0,0.13668,3.44131,6.90319,6.90319,3,3,[3],25.2041384714,50.301073919
AEL,1.91427586072,74,17.3733799968,151.484472473,151.059146811,150.650429816,180,151.484472473,137.523963558,0.900939479179,11.5787461008,134.067361266,1.60993826183,1.60993824261,1.60993822339,1.61018256068,1.60993826183,1.60950409882,-0.685153478925,0.000248733972666,6.19E-08,269.292,0.0253361,0,0,0.0485,4.07159,5.22554,5.22554,1,1,[1],28.7996942433,65.1505942247
AEN,2.00822234021,64,16.5606373762,150.758466745,150.162547248,149.581047513,180,150.758466745,128.216395207,0.563418113134,13.5733804986,184.23665816,1.6100649171,1.61006121153,1.61005750221,1.61256212724,1.6100649171,1.6051826485,-0.70654723455,0.00345258883955,1.19E-05,0,0.00966033,10.0765,0,0.0194,3.18878,3.90726,3.90265,2,2,[2],29.5659636382,52.7121368114
AET,1.81715969822,63,18.3018817661,149.374709352,148.530571816,147.693520195,180,149.374709352,126.56510877,0.21254738354,15.9284274098,253.714799748,1.60958194473,1.60958161906,1.60958129337,1.61086887383,1.60958194473,1.60808720579,-0.129291147358,0.00102387803717,1.05E-06,386.434,0.0627246,0,0,0.11398,7.17146,7.76765,7.76765,1,1,[1],22.067712643,40.4591370782
AFG,1.68942175654,176,19.6856953086,157.031493354,156.734781072,156.427971547,167.023261936,157.031493354,139.076037481,-0.795436560163,9.48610123761,89.9861166902,1.60930878443,1.60930865472,1.60930852504,1.61040159804,1.60930878443,1.60883042342,1.00386400157,0.000646223843178,4.18E-07,0,0,338.787,0.0407124,0,2.14429,5.83766,5.83766,0,0,[0],29.5395171653,64.3829940315
AFN,1.73560067112,12,19.1619204235,147.520076051,147.244125098,146.970323632,162.635138257,147.520076051,135.530001321,0.195762805799,9.05036318284,81.9090737412,1.61263946965,1.61263901934,1.61263856898,1.6141815544,1.61263946965,1.61088731797,-0.228997285653,0.00120507690155,1.45E-06,0,0.0296498,248.503,0,0.05146,3.08413,4.75303,4.75303,1,1,[1],22.745542124,43.11638261
AFO,1.91635668981,63,17.3545155366,150.785644152,150.503448058,150.242694484,180,150.785644152,140.211195981,2.04222472647,9.59832821008,92.1279044285,1.60951931739,1.60951908198,1.60951884666,1.61114707627,1.60951931739,1.60878468204,1.0627693641,0.000870676282691,7.58E-07,286.4,0.0281577,0,0,0.05396,4.33443,5.02827,5.02827,1,1,[1],27.761906812,57.591677826
AFR,1.51327077094,59,21.9771917794,145.151589885,145.124169088,145.096771227,149.759609942,145.151589885,141.471672834,0.0711367477877,2.82238174688,7.9658387251,1.60940098397,1.60940096336,1.60940094275,1.60965416538,1.60940098397,1.60899169248,-0.677877037384,0.000257570905269,6.63E-08,719.602,0.106948,4.79848,0,0.16184,6.57251,7.81561,7.81561,2,2,[2],22.6824081847,50.7724880706
AFS,1.45980861224,63,22.7820562697,144.304416635,144.136711179,143.987407733,180,144.304416635,138.998503069,3.92687152822,7.38745776248,54.5745321924,1.61035438142,1.61035436181,1.61035434221,1.61096987438,1.61035438142,1.61024651393,2.03961665763,0.000251321592319,6.32E-08,807.839,0.120488,0,0,0.18258,5.61223,9.11169,9.11169,3,3,[3],20.311332442,50.1289599621
AFT,1.50269578479,176,22.1318528232,149.080163676,149.065484086,149.050857714,152.530765983,149.080163676,146.518496256,0.391730393729,2.09581416134,4.39243699889,1.60946989507,1.60946953466,1.60946917432,1.61092761145,1.60946989507,1.60835784202,0.448293377973,0.00107720040926,1.16E-06,0,0.0881623,655.945,0,0.1364,3.2806,7.13666,6.79037,3,3,[3],25.5420839725,51.9124821035
AFV,1.57009274986,164,21.1818326974,148.423423079,148.232339172,148.039819183,157.042501104,148.423423079,138.032871523,-0.240292193927,7.49724783991,56.208725173,1.60980732832,1.60980721345,1.60980709857,1.61034156472,1.60980732832,1.60906297711,-0.40462640658,0.000608116551886,3.70E-07,0,0.073512,588.872,0,0.11542,3.06438,6.4479,6.43545,2,2,[2],22.8837062369,51.0729877972
AFX,1.50166675379,176,22.1470188796,149.132679868,149.129296311,149.125897872,150.022524408,149.132679868,147.23626865,-0.977371686105,1.00237514766,1.00475593665,1.60963065257,1.60963058868,1.6096305248,1.61008414983,1.60963065257,1.6091771553,1.68E-12,0.000453497268995,2.06E-07,0,0.091592,671.551,0,0.13754,3.33392,7.11659,7.11511,3,3,[3],25.1210648457,50.8405505169
AFY,1.40936464035,12,23.5974715094,145.460093332,144.658011822,143.894262207,180,145.460093332,128.321468548,0.763932381729,15.6289148068,244.262978039,1.60920135421,1.60920122194,1.60920108971,1.61033163677,1.60920135421,1.60882459336,1.15470053838,0.000652568937533,4.26E-07,995.854,0.127519,0,0,0.17972,5.50247,7.42157,7.42157,3,3,[3],19.7417141533,39.0653681679
AHT,1.91741283917,63,17.3449563222,161.436874719,159.262684652,156.94340471,180,161.436874719,125.532431968,-0.705673788234,25.3940313072,644.85682603,1.61203477923,1.61203451774,1.61203425617,1.61268394863,1.61203477923,1.61073644041,-0.707106781187,0.000918064179587,8.43E-07,0,0,0,0.00407843,0,2.13223,3.39623,3.39623,0,0,[0],36.2743168823,63.9096876814
ANA,1.91778474078,230,17.3415927449,148.757140206,148.757140206,148.757140206,148.757140206,148.757140206,148.757140206,-1.27744075647,3.14E-14,9.84E-28,1.60986785469,1.60986780609,1.60986775748,1.61026345218,1.60986785469,1.60947225721,2.25E-12,0.000395597483411,1.56E-07,0,0,0.0806423,0.00442179,0,2.03076,3.67874,3.66422,0,0,[0],34.1795005364,58.9130176767
APC,1.76518010916,64,18.840820704,154.528492879,154.037400387,153.554434914,180,154.528492879,134.026779533,0.489486487046,12.4323765392,154.563986413,1.61088552703,1.6108852582,1.61088498938,1.6118161613,1.61088552703,1.60995489275,2.46E-13,0.00093063427796,8.66E-07,0,0.0119535,13.3963,0,0.0211,2.69029,3.82541,3.63309,1,1,[1],32.3453090093,63.2161549485
APD,1.79458231556,64,18.532135115,158.539117772,158.10770819,157.689117661,180,158.539117772,143.715025561,0.639983774033,11.8614253708,140.693411827,1.60944391523,1.60944369347,1.60944347172,1.61028878078,1.60944391523,1.60859904967,-1.48E-13,0.000844865553211,7.14E-07,0,0.0161933,69.8268,0,0.02906,3.22754,4.21666,4.21268,1,1,[1],38.5932791767,81.4855727305
AST,1.57817871908,225,21.0733052885,161.000696284,160.270759288,159.562558693,180,161.000696284,148.334493896,0.408248290464,15.512866415,240.649024408,1.60997635881,1.60997632803,1.60997629725,1.61013375207,1.60997635881,1.6093467858,-1.5,0.000314786507028,9.91E-08,0,0,527.106,0.0657597,0,1.46106,7.19513,7.19512,0,0,[0],35.5239910392,83.361308654
ASV,1.905430978,124,17.4540260607,142.039073318,141.828770624,141.616849484,149.867264049,142.039073318,132.913562658,-0.238591581449,7.6921152599,59.1686371716,1.62839875492,1.62839874803,1.62839874115,1.62847363342,1.62839875492,1.62809924094,-1.49999999999,0.00014975699109,2.24E-08,218.287,0.0250338,0,0,0.0477,4.02698,4.95123,4.95123,1,1,[1],26.4022792263,42.3480488908
ATN,1.77769435436,139,18.7081889895,153.007751855,152.974256576,152.94122507,158.465298887,153.007751855,150.077239094,0.995229310317,3.22357238769,10.3914189386,1.60930425352,1.60930425352,1.60930425352,1.60930425352,1.60930425352,1.60930425352,2.12132034356,1.57E-16,2.47E-32,236.281,0.0269339,0,0,0.04788,3.70725,5.51283,5.51283,1,1,[1],25.9757009589,67.6008368755
ATO,1.92900986906,1,17.1168227604,157.465603842,156.88239241,156.30509972,175.452548371,157.465603842,142.470359129,0.150930323837,13.5913149209,184.723841279,1.60954072678,1.60954065725,1.60954058772,1.61001382872,1.60954072678,1.60906762483,-6.65E-13,0.000473101945174,2.24E-07,252.695,0.0270756,0,0,0.05448,5.0899,5.3372,5.33417,1,1,[1],34.5226426331,71.0666479523
ATS,1.60311085612,63,20.7455659227,152.068719463,151.931516218,151.794062224,158.795596485,152.068719463,142.492722833,-0.0857643611986,6.44999772029,41.6024705917,1.61019526365,1.61019498936,1.61019471501,1.61089344091,1.61019526365,1.60886689419,-0.704332000249,0.000939709012126,8.83E-07,571.023,0.0800697,0,0,0.12836,6.37122,6.58439,6.58439,1,1,[1],22.8046195788,57.7490734136
ATT,1.70410508145,51,19.51607463,150.369916329,150.120729535,149.896292565,180,150.369916329,145.298074711,2.7994809832,9.12069604451,83.1870963364,1.61009461062,1.61009457906,1.61009454749,1.61032003411,1.61009461062,1.60964376366,-0.707106781186,0.000318796948132,1.02E-07,0,0.0350215,235.837,0,0.05968,3.39122,4.90334,4.8865,2,2,[2],23.6494222724,61.2983540687
ATV,1.8869440875,67,17.6250277723,165.157438152,164.736850327,164.316749186,180,165.157438152,148.203692845,0.0406017222815,11.7808864465,138.789285464,1.60943718377,1.60943712176,1.60943705975,1.60975306388,1.60943718377,1.60880542354,-0.707106781186,0.000446721937928,2.00E-07,0,0.00981486,23.225,0,0.01852,3.04175,3.9155,3.91487,1,1,[1],47.1962130296,103.306953008
AVL,1.57937887344,150,21.0572918925,148.621659845,148.359400154,148.091197197,160.732279414,148.621659845,132.348870532,-0.516295543,8.72740804959,76.167651264,1.60983670842,1.6098363716,1.60983603468,1.61100891727,1.60983670842,1.60779320981,-0.720007489495,0.00104120367093,1.08E-06,0,0.0691921,558.964,1.27E-05,0.10928,3.15024,6.57868,6.18889,2,2,[2],20.8950093963,43.449712488
AWO,1.81899350087,64,18.2834308815,150.002519764,149.618613803,149.245536725,169.973441868,150.002519764,139.350981988,0.606576252178,10.873554404,118.234185377,1.6097897266,1.6097896365,1.60978954641,1.61054909003,1.6097897266,1.60935771443,0.687137483889,0.000538648363292,2.90E-07,0,0.0166906,102.166,0,0.03036,3.26529,4.49867,4.49432,1,1,[1],27.3996301382,50.4424344085
AWW,1.68896640974,129,19.6910025891,148.378281981,148.330799719,148.282850521,153.218598928,148.378281981,141.860478425,-0.567892997802,3.73502589051,13.9504184028,1.60925316584,1.60925309862,1.60925303141,1.60991099329,1.60925316584,1.60892425211,0.707106781188,0.000465154253752,2.16E-07,431.287,0.05234,0,0,0.0884,3.76609,6.89355,6.86456,1,1,[1],24.3091158385,49.8250635234
BCT,1.89534038295,139,17.54694948,170.060398781,169.769677985,169.479454181,180,170.060398781,160.120797668,4.95E-15,9.93960111261,98.7956702778,1.60698311994,1.60698311994,1.60698311994,1.60698311994,1.60698311994,1.60698311994,-0.0632455532034,3.51E-16,1.23E-31,0,0,0,7.39E-05,0,2.20751,2.8127,2.70262,0,0,[0],49.6993509739,107.574425471
BEC,1.5087037699,131,22.0437189927,148.849861975,148.570135319,148.30895724,179.63565979,148.849861975,138.379900445,1.90909647246,9.45726031318,89.4397726313,1.60852637821,1.60852594933,1.60852552026,1.60967467098,1.60852637821,1.60656072037,-0.917579329939,0.00117435406477,1.38E-06,895.11,0.114602,0,0,0.1729,5.90749,6.23586,6.23586,3,3,[3],22.3359797991,55.7205746534
BIK,1.86234545309,63,17.85782648,168.141125219,167.694121921,167.243945774,180,168.141125219,150.577933963,-0.172282376746,12.197037068,148.767713237,1.6082388865,1.60823867822,1.60823846998,1.60939657055,1.6082388865,1.60766004448,0.707106781187,0.000818606239115,6.70E-07,0,0.00979415,7.90923,0,0.01824,3.14631,3.76407,3.76239,1,1,[1],51.336273614,105.819733154
BOF,1.82298355943,62,18.2434129891,145.218440023,145.18850509,145.158901954,150.791281118,145.218440023,142.016039072,0.832301649935,2.96485724349,8.79037847429,1.60965202592,1.60965202033,1.60965201473,1.60983784887,1.60965202592,1.60952551447,0.576525042381,0.000134230109304,1.80E-08,361.456,0.0368628,0,0,0.0672,4.18317,5.16497,5.15523,1,1,[1],25.6796495597,46.5071381338
BOG,1.60199551938,74,20.7600093412,145.957408915,145.839862208,145.723042876,160.405826317,145.957408915,136.211971361,0.31499120517,5.87685258098,34.5373962585,1.61040687424,1.61040675812,1.610406642,1.61125852753,1.61040687424,1.60950964589,-0.074299774193,0.000611545984366,3.74E-07,714.992,0.0969795,0,0,0.15536,6.47542,7.49162,7.49162,3,3,[3],21.9790024604,50.38788686
BOZ,1.29062551572,63,25.768467725,132.552783857,132.487674212,132.426154902,147.424967831,132.552783857,130.190524705,2.75719306532,4.27405158759,18.2675169734,1.61106436567,1.61106361916,1.61106287243,1.61256352324,1.61106436567,1.60899874902,-0.456378280898,0.00155069450872,2.40E-06,1051.01,0.14593,31.1753,0,0.18834,4.5183,8.30506,8.30506,3,3,[3],15.5526515234,26.7894475073
BPH,1.45896272935,38,22.7952649358,144.411276158,144.241721379,144.090334714,180,144.411276158,138.843784981,3.82826305395,7.42069929129,55.0667779718,1.61078172807,1.61078167302,1.61078161799,1.61164861674,1.61078172807,1.61039071122,0.909151712587,0.000421124944957,1.77E-07,776.583,0.117061,0,0,0.18378,5.61418,9.10839,9.10839,3,3,[3],19.8920056823,50.7901549247
BRE,1.82654311123,11,18.2078603798,146.478975218,146.208459724,145.964696924,180,146.478975218,139.875622681,2.75048607639,9.3865383981,88.1071030989,1.61060439274,1.61060437819,1.61060436364,1.61078380598,1.61060439274,1.61024076744,-0.96245968272,0.000216486392256,4.69E-08,0,0,187.171,0.0252172,0,2.55754,4.88311,4.88235,0,0,[0],26.6977898601,45.1238836325
BSV,1.86536138006,230,17.8289538438,131.569807558,131.561638945,131.553470839,133.035897264,131.569807558,130.103717853,-9.30E-15,1.46608970537,2.1494190242,1.61107815335,1.61107812274,1.61107809212,1.61139221232,1.61107815335,1.61076409437,2.65E-13,0.000314058977058,9.86E-08,0,0.0269011,142.745,0,0.05018,3.43565,4.76811,4.76769,3,3,[3],22.4796553088,31.5646064398
CAN,1.68565090889,176,19.7297327528,156.868800596,156.641124271,156.404392663,163.128362348,156.868800596,142.616127324,-1.11064635154,8.28048495894,68.5664311553,1.60867244892,1.60867244892,1.60867244892,1.60867244892,1.60867244892,1.60867244892,-1.47603524218,3.07E-16,9.45E-32,324.352,0.0376711,4.68353,0.00304928,0.0635,5.43027,5.76422,5.76422,1,1,[1],26.959838858,72.7301169416
CAS,1.8713399927,63,17.771993372,166.431761203,166.08414837,165.72664897,180,166.431761203,146.625548542,-0.563072295137,10.6057705005,112.482367909,1.60960198305,1.60960188768,1.60960179232,1.61028132188,1.60960198305,1.60892414438,0.00406132930702,0.000554066409852,3.07E-07,0,0,58.3557,0.0105273,0,2.57334,4.43572,4.43572,0,0,[0],46.863060823,98.0485666515
CDO,1.80129578571,63,18.4630654282,158.715506543,158.401210992,158.102901645,180,158.715506543,147.760672214,1.27774624637,10.246151336,104.983617199,1.60704149948,1.60703660769,1.60703171523,1.61222252519,1.60704149948,1.60271342423,-0.0839164164962,0.00396489804344,1.57E-05,0,0.0259592,208.996,0,0.04676,3.04005,4.98695,4.98695,2,2,[2],35.6100528726,83.242312626
CFI,1.67303832276,74,19.8784699038,161.562883323,160.977089739,160.378836329,180,161.562883323,137.494535557,-0.339594647682,13.5949565866,184.822844591,1.60789360707,1.6078916722,1.60788973847,1.61182272045,1.60789360707,1.60482332187,0.570591228813,0.00249515338592,6.23E-06,460.075,0.0669564,0,0.000215178,0.11202,6.86062,7.07089,7.07089,1,1,[1],37.2818673307,76.1364637701
CGF,1.89558359725,12,17.5446981052,143.526200689,143.278731029,143.033241416,159.155041288,143.526200689,129.636587528,0.271800003741,8.46054119318,71.5807572815,1.61087004443,1.61086976306,1.61086948183,1.61262132845,1.61087004443,1.6101650549,1.21958194007,0.000952326785717,9.07E-07,0,0.0104137,182.812,0.011606,0.01974,2.62714,5.35689,5.0383,1,1,[1],23.6674159006,34.2030584743
CGS,1.68549767785,62,19.7315264115,142.367242398,142.352757817,142.338253705,145.484853872,142.367242398,138.796723055,-0.128805453941,2.02941863066,4.11853997848,1.61006051769,1.61006049379,1.6100604699,1.61034604204,1.61006051769,1.60971641,-0.0947975665826,0.000277385857851,7.69E-08,0,0.0438804,361.197,0,0.07396,3.60868,5.31725,5.24744,1,1,[1],22.8728121891,42.1188970796
CHA,1.76849541141,1,18.117724247,148.841910906,148.839297368,148.836681509,150.131322476,148.841910906,147.752106934,-0.225147758889,0.881647976037,0.777303153651,1.60926202015,1.60926202015,1.60926202015,1.60926202015,1.60926202015,1.60926202015,0.31162499428,9.66E-16,9.33E-31,0,0.0877316,674.849,0,0.13566,3.3192,6.74106,6.72251,3,3,[3],28.1294951341,44.3042774716
CON,1.56665739405,12,21.2282800779,148.396952834,148.185801555,147.980274821,167.536407022,148.396952834,137.197702894,0.837152567952,8.02377635703,64.3809870276,1.610403649,1.61040351694,1.61040338487,1.61137820044,1.610403649,1.60937533711,-0.0673634186122,0.00065218845721,4.25E-07,786.852,0.103469,0,0,0.1621,5.19932,6.76517,6.75979,3,3,[3],21.8557672246,49.0167871588
CZP,2.12581695109,178,15.6445464083,131.304158409,131.005743197,130.712993309,144.923633218,131.304158409,120.790426666,0.444824626066,8.92950715345,79.7360980035,1.61264826195,1.61264818116,1.61264810036,1.61310619005,1.61264826195,1.61187146071,-0.525191094907,0.000510429412186,2.61E-07,0,0.0111863,13.0525,0,0.02378,3.2385,3.75948,3.7452,1,1,[1],23.2234241278,31.9692207709
DAC,1.74129105764,12,19.0993009475,157.557221035,157.119529784,156.697383925,180,157.557221035,143.680446768,0.773978404234,11.9487574972,142.772805727,1.60967564469,1.60967542674,1.60967520876,1.6105694954,1.60967564469,1.60855779795,-0.378584259857,0.000837600202116,7.02E-07,0,0.0369383,265.709,0,0.06432,3.42236,4.79198,4.78242,2,2,[2],35.926417367,73.1070688608
DDR,1.84217178861,1,18.0533879374,150.788134157,150.495142947,150.214511854,180,150.788134157,138.151831644,1.16119532106,9.60770195147,92.3079367883,1.50599355272,1.02067454621,0.0211198163973,1.61207544833,1.50599355272,0.0013795,-3.54511243197,0.395136227546,0.15613263832,0,0.040121,313.771,0.0028912,0.07216,3.24572,7.07203,7.05452,2,2,[2],21.3338187362,49.3475466115
DFO,1.52159221631,175,21.7276891721,144.970868418,144.832030213,144.694374679,157.742775596,144.970868418,133.790778207,0.361010916875,6.3719935988,40.6023024231,1.61020681865,1.61020627645,1.61020573436,1.61234410764,1.61020681865,1.60849729249,0.411156067196,0.00132155976334,1.75E-06,843.433,0.127866,0,0,0.18996,6.78508,10.8902,9.16836,3,3,[3],18.1334386962,45.6252553903
DFT,1.76724286779,131,18.818829349,152.51385678,152.299321134,152.088478825,164.768405867,152.51385678,145.119904989,0.483369259171,8.15372467802,66.483226125,1.61079719622,1.61079719622,1.61079719622,1.61079719622,1.61079719622,1.61079719622,1.53960071784,1.92E-16,3.70E-32,0,0.0195786,82.2551,0,0.0346,3.24695,4.1931,4.19251,1,1,[1],26.4404176998,65.0771713002
DOH,1.83128869443,10,18.5665726415,169.006826854,168.874060631,168.74099391,180,169.006826854,157.400025346,-0.043766607894,6.69068058175,44.7652066471,1.12622606365,0.195006466869,0.00472028228989,1.60965573992,1.12622606365,0.001419,-0.872868250679,0.736359445388,0.542225232813,0,0,284.17,0.0380321,0,2.22113,7.26343,7.26343,0,0,[0],34.7887915478,86.3752207958
DON,1.70828447584,63,19.4683276805,150.216199888,149.745666189,149.288662524,176.228944979,150.216199888,134.100452576,0.622535328426,12.0566854131,145.36366315,1.61031989464,1.61031951111,1.61031912767,1.61187349582,1.61031989464,1.60933240738,0.515030635077,0.00111152928613,1.24E-06,474.571,0.0810291,0,0,0.13842,7.67107,8.17415,8.17415,1,1,[1],21.8477888039,47.5302713429
EAB,1.59164774859,194,20.8949762764,149.91579307,149.813824714,149.711905751,156.914979648,149.91579307,143.325182371,0.00123556529439,5.52814601573,30.5603983713,1.60929114653,1.60929113914,1.60929113176,1.60950924044,1.60929114653,1.60918209958,0.707106781181,0.000154215681217,2.38E-08,0,0.0671006,543.875,0,0.1068,3.14057,6.62727,6.61446,2,2,[2],24.5730505254,54.9744368393
EDI,1.62239685873,115,20.4989560773,150.097549786,149.405226408,148.774421091,179.954306649,150.097549786,140.375124778,1.43301089817,15.0644012728,226.936185709,1.61013583274,1.61013583,1.61013582725,1.61018286376,1.61013583274,1.60994770869,-1.5,9.41E-05,8.85E-09,0,0.0344061,233.363,0,0.05582,3.03748,4.88186,4.48031,3,3,[3],24.3200360173,62.4213821383
EEI,1.78907184461,69,18.5892154343,158.208860631,157.874318739,157.543942812,180,158.208860631,143.07431977,0.337579975515,10.3477282403,107.075479736,1.60963094212,1.60962873104,1.60962651932,1.6132209381,1.60963094212,1.60493698712,-0.256632404282,0.00266758904371,7.12E-06,0,0,325.179,0.0394955,0,2.23772,6.18423,6.18423,0,0,[0],37.5428849487,76.4997875849
EMT,1.32894989947,176,25.0253541991,143.348936388,143.338868619,143.328864035,146.394112225,143.348936388,141.434976112,0.79784047734,1.70424349811,2.90444590087,1.61024912782,1.61024883897,1.6102485501,1.61144095031,1.61024912782,1.60894585608,-0.117256632442,0.000964472397452,9.30E-07,978.989,0.185937,52.1632,0.00644121,0.2471,6.96665,11.00104,11.00104,3,3,[3],18.727777451,40.1120104148
EON,1.6801316655,59,19.7945450525,150.542809147,150.31034525,150.09013216,180,150.542809147,140.188036357,1.62161658223,8.60158647898,73.9872899555,1.60979823603,1.60979778733,1.60979733843,1.61137398248,1.60979823603,1.60657787669,-0.870246734107,0.00120167341518,1.44E-06,310.077,0.0582933,103.424,0,0.09794,6.38739,7.26853,7.26853,2,2,[2],23.1867971951,58.4864579442
EPI,1.76438002911,12,18.8493643083,156.461893498,155.883450953,155.308129746,180,156.461893498,136.496780595,0.214985129322,13.4885353517,181.940585933,1.61053805008,1.6105372855,1.61053652057,1.61174051383,1.61053805008,1.60832186979,-0.69943949998,0.00156896944942,2.46E-06,0,0.0331563,251.089,0,0.0585,3.22497,4.92572,4.90283,2,2,[2],32.2610555891,67.5849503072
ERI,1.67503841476,194,19.6445324495,147.114426644,147.054188099,146.994327327,152.473541006,147.114426644,142.097854458,0.321937150586,4.22222377965,17.8271736454,1.60993405595,1.60993405588,1.6099340558,1.60995649024,1.60993405595,1.60992283881,0.707106781134,1.59E-05,2.52E-10,0,0.0729869,575.033,1.25E-05,0.11706,3.02119,6.29957,6.29512,3,3,[3],26.2218182571,55.6029938667
ESV,1.77093427427,62,18.7796026257,149.972250719,149.753643164,149.540400454,168.6577444,149.972250719,139.116767548,0.745353203558,8.19678569685,67.1872957601,1.60943432144,1.60943394909,1.60943357663,1.61045803992,1.60943432144,1.60748359235,-0.677949459702,0.00109461270419,1.20E-06,0,0.0326044,272.653,0.00109547,0.05774,3.26077,5.67049,5.65037,1,1,[1],22.7960235103,45.757150113
ETR,1.54146048039,173,21.5752803073,141.640979857,141.614035051,141.587091682,146.131801872,141.640979857,137.304383047,0.0169700983791,2.76271058079,7.63256975323,1.61081522866,1.61081478304,1.61081433719,1.61186817557,1.61081522866,1.6087787787,-1.02397088501,0.00119786904067,1.43E-06,459.302,0.0871256,149.343,0.0177884,0.1343,8.92233,9.61116,9.61116,1,1,[1],20.3791575484,47.6546429956
EUO,1.70843821843,67,19.4665757229,158.234250889,157.918673428,157.603695622,180,158.234250889,142.966987467,0.128858429397,10.0017013217,100.034029329,1.60964866564,1.60964577946,1.60964289152,1.61384124762,1.60964866564,1.60306786694,-0.481506433134,0.00304726086744,9.29E-06,476.755,0.0560164,0,0,0.0957,4.54296,6.26105,5.92812,1,1,[1],34.9357340847,77.8947499266
EZT,1.71604253974,74,19.3803132364,145.506724374,145.355942875,145.203727682,154.886017923,145.506724374,134.318135187,-0.266845342215,6.59171003659,43.4506412064,1.61050330967,1.61050316042,1.61050301116,1.61129886527,1.61050330967,1.60952496875,-0.189790737123,0.000693343104185,4.81E-07,519.975,0.0622249,0,0,0.10678,5.61065,5.90376,5.90376,1,1,[1],21.8019427038,42.5028000616
FAR,1.76999470555,176,18.6177729266,156.34347064,155.993930293,155.643140065,173.350746596,156.34347064,139.540823763,-0.0202022946486,10.4310300749,108.806388424,1.60805182513,1.60805155748,1.6080512898,1.60908591732,1.60805182513,1.60681111698,-0.229674934673,0.000927751390008,8.61E-07,0,0,322.086,0.0382495,0,2.07,5.89378,5.55111,0,0,[0],32.4350565117,63.792461652
FER,1.75102229041,71,18.9931573853,157.809977753,157.544102508,157.291844359,180,157.809977753,150.074630745,1.40623249649,9.40105039661,88.3797485597,1.60954714563,1.60954713048,1.60954711533,1.6100973581,1.60954714563,1.6092870321,1.35462682218,0.000220862802559,4.88E-08,193.88,0.0394172,164.368,0,0.06902,4.28927,5.42254,5.14248,2,2,[2],34.735277085,78.0245006325
FRA,1.64421568399,147,19.9726403993,164.32463599,164.299929427,164.27622556,176.085217418,164.32463599,162.612259758,3.62705250478,2.90931485829,8.46411294468,1.63404577372,1.63404540721,1.63404504064,1.63565168603,1.63404577372,1.63211230959,-0.337440329712,0.00109436109096,1.20E-06,0,0,374.241,0.0461696,0,2.2811,6.02987,6.02444,0,0,[0],34.4988371198,88.9573761617
GIS,1.63599168552,141,20.3286130616,149.855190149,149.855174405,149.855158661,149.923881962,149.855190149,149.786498336,3.10E-13,0.0686918131323,0.0047185651914,1.60956009176,1.60956009176,1.60956009176,1.60956009176,1.60956009176,1.60956009176,0.341518781328,3.42E-16,1.17E-31,0,0.035037,208.014,0,0.05732,2.87959,4.5682,4.5682,3,3,[3],27.5577419469,57.4790036449
GIU,1.79448944901,176,18.3138014639,154.969898149,154.65653194,154.342770737,170.566961833,154.969898149,138.057029054,0.00517032499528,9.8426135312,96.8770411246,1.60979872759,1.6097982354,1.60979774313,1.61121691457,1.60979872759,1.60818083205,-0.309965164791,0.00125872744491,1.58E-06,0,0,312.782,0.0376562,0,2.15437,5.85726,5.63127,0,0,[0],30.4391282311,60.547413661
GME,1.50172488148,176,22.1461616286,149.109759454,149.105890902,149.102002794,149.877952108,149.109759454,147.283178707,-1.05268266348,1.07137180943,1.14783755404,1.60869073708,1.60869060335,1.60869046963,1.60934666404,1.60869073708,1.60803481011,3.05E-17,0.000655926964306,4.30E-07,553.558,0.0910424,78.6262,0,0.13672,6.6965,7.11746,7.11746,3,3,[3],24.8659739617,53.6801504654
GON,1.8870511163,21,17.624028125,149.430892097,149.143175394,148.870040438,170.770707917,149.430892097,141.387410168,1.25948819689,9.50844742753,90.4105724822,1.61941505563,1.61941489843,1.61941474129,1.62064010745,1.61941505563,1.61885271083,1.09183075782,0.000713646251304,5.09E-07,281.502,0.0335976,0,0,0.0634,4.87232,5.67216,5.67216,1,1,[1],22.5371286826,44.8076640701
GOO,1.89192703242,20,17.5786070906,144.418443397,143.352397384,142.353083242,175.09358404,144.418443397,124.721475404,0.79508615959,18.0578263302,326.085091773,1.61073951716,1.61073630833,1.61073309288,1.61375096021,1.61073951716,1.60297320429,-1.54540036089,0.00321183990338,1.03E-05,0,0,35.6763,0.0125164,0,2.59617,3.93929,3.93715,0,0,[0],25.5791467676,40.2710234713
HEU,1.74800175681,12,19.0259774153,148.977829339,148.863914885,148.748767878,157.18528264,148.977829339,139.938613234,-0.396279788106,5.79304838034,33.5594095369,1.60943088666,1.60943062176,1.60943035683,1.61034813933,1.60943088666,1.60835177841,-0.19776966397,0.000923384038839,8.53E-07,0,0.0356866,289.581,0,0.06238,3.26915,5.22412,5.19926,2,2,[2],24.5174274594,43.2600404952
IFR,1.71150355646,12,19.4317106859,143.873360029,143.822299629,143.771016548,149.298996227,143.873360029,137.48144529,-0.230617357386,3.82430879844,14.6253377858,1.6100953036,1.61009505555,1.61009480751,1.61124554134,1.6100953036,1.60899203598,0.0465159266476,0.000893747379111,7.99E-07,584.582,0.0734212,0,0,0.12566,5.98202,6.56829,6.38944,1,1,[1],23.5874766632,46.5294445855
IHW,1.84256733719,64,18.049512371,150.808770609,150.558489614,150.309026356,168.27955161,150.808770609,131.902237809,0.209350905623,8.70592719524,75.7931683288,1.60985739204,1.60985697716,1.60985656222,1.6112074613,1.60985739204,1.60809341677,-0.244890948491,0.00115570440316,1.34E-06,0,0.0401073,325.685,0,0.0739,3.27365,6.08485,6.06938,2,2,[2],24.2366840486,47.7552706889
IMF,1.74441343949,63,19.065114493,153.32682716,153.008978154,152.707332133,180,153.32682716,142.644919525,1.27431201988,10.1299838486,102.616572772,1.60875434252,1.60875374388,1.60875314491,1.61097024793,1.60875434252,1.60580387642,-0.946064844476,0.00138747182488,1.93E-06,493.754,0.0549528,0,0,0.09586,4.88684,6.69777,6.68624,2,2,[2],28.209888916,67.9822563362
IRR,1.29342908339,6,26.016857691,147.954858913,147.26221299,146.614059895,180,147.954858913,135.436926415,1.04455336704,14.7692890147,218.131897999,1.1821082117,0.26696056587,0.00711351978919,1.61255397481,1.1821082117,0.0019031,-1.05527772698,0.71169171753,0.5065051008,1267.15,0.295884,0,0,0.34708,11.71564,13.92271,13.92271,3,3,[3],12.4433329037,39.2645149393
ISV,1.5006158314,131,22.1625290439,149.171308223,148.914106024,148.672191254,178.347351721,149.171308223,137.760844957,1.77089868833,9.04270738555,81.7705568606,1.60977068301,1.60977051447,1.60977034588,1.61032399416,1.60977068301,1.60850922965,-1.07868259108,0.000736496670769,5.42E-07,892.937,0.118712,0,0,0.17814,5.78539,6.37088,6.34398,3,3,[3],22.3467327132,55.4627542792
ITE,1.56848546141,63,21.2035385506,148.504181352,148.36339247,148.221083105,156.362298806,148.504181352,137.822462711,-0.360403115773,6.42924491406,41.335190165,1.62779056429,1.62779011991,1.62778967542,1.62922939946,1.62779056429,1.62594963657,-0.444911941632,0.00120267181215,1.45E-06,611.004,0.0822709,0,0,0.12904,3.81465,7.77939,7.7719,1,1,[1],23.2774331302,50.9740175308
ITG,1.65442364214,10,20.1021317031,147.116842819,146.981520973,146.8550191,175.016062903,147.116842819,137.086976266,2.63841317618,6.53630102154,42.7232310442,1.61026410474,1.61026387818,1.61026365164,1.61212613379,1.61026410474,1.60867374175,0.0479801852537,0.000854185051083,7.30E-07,578.571,0.0766676,0.58987,0,0.12684,5.89844,6.43907,6.4186,3,3,[3],21.6174108594,49.2962095529
ITH,1.73855886268,38,19.129316045,150.8083082,150.554596544,150.312859607,175.836402016,150.8083082,141.480781988,1.36013265857,8.96368893175,80.3477192651,1.6101266328,1.61012643746,1.61012624214,1.61129471207,1.6101266328,1.60892570829,0.382330497519,0.000793183716792,6.29E-07,468.031,0.0490984,0,0,0.08536,4.67509,6.29582,6.29582,3,3,[3],24.7151364554,57.9492531253
ITR,1.73121947566,63,19.2104134771,151.265234986,151.031339667,150.808351355,175.067343439,151.265234986,142.399624016,1.38413709929,8.6161139859,74.2374202181,1.60999385079,1.60999333357,1.60999281622,1.61167098843,1.60999385079,1.6075619406,-0.512827134932,0.00129033736897,1.66E-06,465.278,0.0515708,0,0,0.08928,4.72055,5.95862,5.95862,3,3,[3],24.1403378785,61.2092370688
ITW,1.76836513329,12,18.8068862708,150.191554938,149.886423806,149.60759236,180,150.191554938,143.999983233,2.20257468733,10.0136390452,100.272966927,1.60893475911,1.60893459095,1.60893442277,1.6096814213,1.60893475911,1.60793420842,-0.476632982568,0.000735541854576,5.41E-07,0,0.0272796,128.413,0,0.04824,3.47799,4.1615,4.1615,1,1,[1],26.3108261783,51.6984758506
IWR,1.56058557985,65,21.3108735441,146.732508677,146.587607211,146.454282852,176.677364295,146.732508677,138.979004635,3.05231685726,6.8068905242,46.3337586084,1.60987782519,1.60987767787,1.60987753049,1.61042889016,1.60987782519,1.60827423802,-1.64198928032,0.000688548935284,4.74E-07,790.273,0.104115,0,0,0.16248,5.50682,6.9016,6.9016,3,3,[3],21.5131262221,54.1650240927
IWS,1.47579299526,139,22.5353027516,148.712091371,148.372500764,148.048024976,179.23877994,148.712091371,135.612984716,1.17340323509,10.2884458036,105.852117054,1.61006324214,1.61006292283,1.61006260325,1.61110023602,1.61006324214,1.60666827351,-1.98056137245,0.00101359505946,1.03E-06,927.469,0.132689,0,0,0.19582,6.25829,7.63416,7.63326,3,3,[3],21.423589797,53.542414628
IWV,1.49861919278,69,22.1920565993,154.95380716,154.394812979,153.844324502,180,154.95380716,135.415233969,0.317849733584,13.2482462388,175.516028403,1.61039113645,1.61038886933,1.61038659998,1.61340529088,1.61039113645,1.6043415204,-0.879338313932,0.00270086789594,7.29E-06,812.842,0.128012,0,0,0.19184,6.63317,8.13768,8.11237,2,2,[2],25.6495164506,64.7026068843
IWW,1.65866255775,55,20.0507582399,146.865221683,146.73242693,146.608009374,174.383790292,146.865221683,136.404777555,2.59218273432,6.46273057277,41.7668864562,1.61058258995,1.61058211897,1.61058164795,1.61314233602,1.61058258995,1.60706048021,-0.156151467121,0.00123165966436,1.52E-06,604.833,0.0754467,0,0,0.12514,5.84333,6.55466,6.53048,3,3,[3],21.679637927,50.7943619546
JBW,1.87375491196,51,17.7490886,159.204110403,158.943183825,158.698624897,180,159.204110403,153.172459126,1.69712063538,9.4074052848,88.4992741925,1.60903707908,1.60903707342,1.60903706776,1.60922800868,1.60903707908,1.60894161429,0.707106781184,0.000135007611342,1.82E-08,0,0.0102255,13.2471,0,0.01916,3.32384,3.85599,3.63501,1,1,[1],39.1940203013,88.2292459242
JOZ,1.63278323035,57,20.368559236,139.967441963,139.173034838,138.469183812,180,139.967441963,131.27633129,1.73856609908,15.8083230012,249.903076111,1.61232121342,1.61232108894,1.61232096444,1.61294842813,1.61232121342,1.61122222332,-0.656675129214,0.000633507145358,4.01E-07,0,0.0258211,149.03,0,0.04216,3.0963,4.42457,4.42457,3,3,[3],20.7345799743,46.2237747051
JRY,1.84323991768,24,18.0429262778,152.481460513,152.069663805,151.674274246,175.799195338,152.481460513,139.161538733,0.866123478526,11.4263317448,130.561057143,1.61012203571,1.61012181446,1.61012159322,1.61118247537,1.61012203571,1.60911712313,0.0983903657914,0.000844090203101,7.12E-07,171.109,0.0219723,0,0,0.0405,3.72442,4.10173,4.10173,1,1,[1],29.0852391949,61.8697671472
JSN,1.78307386755,13,18.6517466003,145.221907171,145.044050617,144.870623606,159.909868863,145.221907171,134.903312712,0.82571302403,7.27783348183,52.9668601892,1.60946474493,1.60946461333,1.60946448168,1.61001143357,1.60946474493,1.60835532311,-1.04541555918,0.000650772937982,4.24E-07,0,0.0287595,226.645,0,0.05128,3.05523,4.53475,4.52194,1,1,[1],22.4666527541,43.5456699254
JST,1.42753226436,205,23.2971560625,129.270623062,129.264605385,129.258611316,131.230762054,129.270623062,127.972661872,0.611417839913,1.24974990676,1.56187482945,1.61217447041,1.6121744617,1.61217445299,1.61236421028,1.61217447041,1.61190409102,-0.679949046361,0.000167598927356,2.81E-08,0,0.072377,441.465,0,0.10332,3.33236,4.94733,4.94733,3,3,[3],18.9212028337,28.8503179554
JSW,1.83755801571,61,18.0987167005,146.08009214,145.849124833,145.620137726,160.289121469,146.08009214,132.932442661,0.277149257248,8.24724569907,68.0170616208,1.60993077229,1.60993046663,1.60993016091,1.61100474892,1.60993077229,1.60824617735,-0.600465361655,0.000991926825877,9.84E-07,0,0,219.297,0.025817,0,2.17672,4.98415,4.98415,0,0,[0],24.2305778434,37.3008937173
KFI,1.49377247895,229,22.264061238,149.177009138,149.1742288,149.171440211,150.171904375,149.177009138,147.70086549,-0.726866681245,0.909426749917,0.827057013465,1.60918728181,1.60918728181,1.60918728181,1.60918728181,1.60918728181,1.60918728181,-0.880047916041,8.60E-16,7.39E-31,0,0.094312,613.226,1.34E-05,0.14088,3.63866,10.15745,10.15744,3,3,[3],21.7137335519,56.749469411
LAU,1.79555058432,12,18.5221414743,144.145830967,144.135752827,144.125740716,148.164104961,144.145830967,141.904857968,0.852928211169,1.71015232695,2.92462098138,1.60982676876,1.6098265051,1.60982624149,1.61108309581,1.60982676876,1.60889892786,0.489433276847,0.000921439006692,8.49E-07,389.344,0.0420597,0,0,0.07552,3.66761,5.48412,5.46969,1,1,[1],25.1144876307,41.6506172609
LEV,1.58908862928,166,20.9286262165,150.041279573,149.939847282,149.838429066,157.473844972,150.041279573,142.666064189,-0.00362420021076,5.51527358967,30.418242769,1.60967301291,1.60967282808,1.6096726432,1.61021840397,1.60967301291,1.6085822308,-0.707106781185,0.000771299429694,5.95E-07,0,0.0679261,561.453,0,0.10794,3.13253,6.38923,6.38923,2,2,[2],23.827238607,52.0369159005
LIO,1.81118571886,6,18.2303336913,152.461847069,151.957928507,151.440937898,172.186640092,152.461847069,132.11652453,-0.422672690292,12.2256725614,149.467069579,1.60931816581,1.60931780231,1.60931743875,1.6107626882,1.60931816581,1.60786583519,-0.363906276987,0.00108156566172,1.17E-06,0,0,259.274,0.0312541,0,1.8982,5.56452,5.56247,0,0,[0],25.9280907455,43.2893969155
LOS,1.86913895573,6,17.3564468907,159.823883908,159.644339578,159.457507494,165.036454999,159.823883908,139.07202834,-1.19064191129,7.42642145589,55.1517356405,1.61047156301,1.61047125332,1.61047094369,1.61196949327,1.61047156301,1.6095642027,0.476344175602,0.00099884391315,9.98E-07,0,0,336.298,0.0395255,0,2.16031,5.86486,5.85558,0,0,[0],33.8361912374,65.670629
LOV,1.67666157311,131,19.8355127119,146.211419759,145.747030851,145.28059705,166.899706199,146.211419759,131.051614184,-0.0285107510621,11.6169833809,134.954302872,1.60863029573,1.60862983289,1.60862937028,1.61138909362,1.60863029573,1.60750716949,0.956645416633,0.0012205668512,1.49E-06,0,0.0274356,51.3929,0,0.046,3.37722,4.26995,3.73556,3,3,[3],24.8744686695,48.8238344974
LTA,1.41417084281,221,23.5172731189,149.730598346,149.661540198,149.592515325,154.39899515,149.730598346,145.184341976,0.00108209968057,4.54707665747,20.6759061289,1.60851619096,1.60851619096,1.60851619096,1.60851619096,1.60851619096,1.60851619096,0.760929216963,4.51E-16,2.03E-31,789.683,0.126704,63.7889,0.00760874,0.17918,3.81365,10.24531,10.2302,3,3,[3],22.8353218171,55.6600504754
LTF,1.73502411115,176,19.0305828141,148.107250767,147.966220692,147.82830784,164.088986204,148.107250767,140.871916528,0.821221693695,6.53537613193,42.7111411858,1.6101128531,1.61011275586,1.61011265858,1.61049216324,1.6101128531,1.60869118371,-1.70039109532,0.000559476335571,3.13E-07,238.26,0.0513661,141.73,0.000617153,0.08656,7.09551,7.75627,7.71704,3,1,[1],22.5314552006,47.1674770457
LTJ,1.85036261957,92,17.9734726562,148.781737148,148.646048075,148.507249048,155.052099315,148.781737148,137.02228001,-0.787263090935,6.28012833427,39.4400118949,1.61004861938,1.6100485613,1.61004850321,1.61048111342,1.61004861938,1.60961612535,1.16E-12,0.000432494032488,1.87E-07,0,0.00777149,0,0,0.01438,2.67983,3.63265,3.63159,3,3,[3],30.8237487457,52.6208036392
LTL,1.66822367453,175,19.9358410115,146.164461571,146.075497898,145.987202073,152.992618797,146.164461571,138.157152562,0.328823350226,5.11752569511,26.1890692401,1.60947071617,1.6094705611,1.60947040602,1.61027860457,1.60947071617,1.60855767683,-0.21995677235,0.00070648925787,4.99E-07,500.547,0.0805172,0,5.99E-05,0.13432,7.09968,9.61198,9.61198,1,1,[1],19.5395967658,47.6049706658
LTN,1.72339467775,3,19.2184155875,149.404782765,149.116839971,148.842318527,173.892522903,149.404782765,137.69085188,1.26098414486,9.50138506343,90.2763181235,1.61059461525,1.61059416263,1.6105937098,1.61161502615,1.61059461525,1.60855715469,-0.987807137799,0.0012071565133,1.46E-06,0,0,365.347,0.0514166,0,1.6801,9.57627,9.57627,0,0,[0],22.1933497857,39.5438684908
MAR,1.85152539578,176,17.7720200694,149.801166967,149.378383857,148.952400056,166.861188593,149.801166967,131.805819902,-0.0635605840031,11.2086255072,125.633285761,1.6091360433,1.6091358885,1.60913573374,1.61025412868,1.6091360433,1.60863757684,0.740163618309,0.00070589720012,4.98E-07,0,0,260.786,0.0307304,0,2.03312,5.65798,5.64792,0,0,[0],27.4886794573,41.5481792971
MAZ,1.66145229517,176,20.0170910977,147.814060528,147.657568821,147.504475687,163.057210219,147.814060528,140.637589172,0.744701370642,6.87465675269,47.2609054673,1.61084872748,1.61084867043,1.61084861337,1.61115185208,1.61084872748,1.61024247826,-0.707106781187,0.000428682932484,1.84E-07,282.378,0.0615007,140.02,0,0.10218,7.10009,7.68968,7.55125,3,1,[1],21.4805789954,50.4663143735
MEI,1.46350666841,11,22.7244895189,144.22268778,144.046150145,143.882003327,180,144.22268778,131.209006548,2.80230912924,7.43215221232,55.2368865071,1.60994385137,1.60994378103,1.6099437107,1.61049526277,1.60994385137,1.6091435129,-0.296917613166,0.000475871860564,2.26E-07,875.312,0.121572,0,0,0.17792,6.47433,7.66225,7.66225,1,1,[1],17.5608186699,38.7937694014
MEL,1.73205244892,119,19.2011748649,152.75602275,152.502794158,152.254349713,167.48178354,152.75602275,141.1553214,0.494878546831,8.87250417317,78.721330303,1.60944481516,1.60944452811,1.60944424115,1.61149245835,1.60944481516,1.60816522458,0.704539409399,0.000961362260685,9.24E-07,505.663,0.0569154,0,0,0.09858,4.78426,6.87178,6.74219,3,3,[3],25.7519009646,61.4179799152
MEP,1.78291569645,223,18.6534012871,168.192010475,167.864223789,167.523303298,180,168.192010475,146.246421806,-0.848543421175,10.2964449046,106.016777673,1.60948822175,1.60948816744,1.60948811311,1.60977287165,1.60948822175,1.60848363353,-1.64557703749,0.000418075467618,1.75E-07,0,0,192.538,0.0216276,0,1.38424,4.95291,4.94777,0,0,[0],46.3633928123,93.2119407104
MER,1.63366190146,139,20.357603931,147.433276768,147.426160104,147.41902234,148.832849422,147.433276768,145.277911702,-0.453321818551,1.44642747886,2.0921524516,1.60977484359,1.60977484359,1.60977484359,1.60977484359,1.60977484359,1.60977484359,-0.956400493225,5.59E-16,3.13E-31,301.458,0.0416979,0,0,0.06812,3.79938,6.24773,6.24773,3,3,[3],25.5086228886,52.3070203706
MFI,1.83796308812,62,18.0947278876,148.076416136,147.890245119,147.702860707,164.196595105,148.076416136,131.960294749,-0.0762817821102,7.40385678218,54.8170952511,1.61007644939,1.61007613314,1.61007581678,1.61126234414,1.61007644939,1.60791504414,-0.739804663338,0.00100899856004,1.02E-06,400.184,0.0401642,0,0,0.07382,4.29903,5.94159,5.93816,3,3,[3],23.42298356,41.780176687
MFS,1.74039926644,44,19.1090875458,154.474732654,154.321170253,154.166676238,164.377511669,154.474732654,144.327626398,-0.204788596468,6.86359456494,47.1089303519,1.60987092989,1.60987079622,1.60987066255,1.61082681853,1.60987092989,1.60885273975,-0.0379428852773,0.00065603685087,4.30E-07,394.833,0.0491269,0,0,0.0855,4.94279,6.22239,6.21042,2,2,[2],26.6298235918,65.7947887269
MON,1.76076983835,141,18.888012063,157.722788488,157.194062843,156.693223611,180,157.722788488,147.718298297,0.973026830189,13.2438539818,175.39966829,1.60860206302,1.60860206302,1.60860206302,1.60860206302,1.60860206302,1.60860206302,-0.01084190455,5.74E-16,3.30E-31,0,0.0166633,5.82604,0,0.02934,3.13631,3.76288,3.75934,3,3,[3],39.1338203647,87.9494291674
MOR,1.69389162563,63,19.633748372,155.995154623,155.696086337,155.412916221,180,155.995154623,147.613861966,1.36643362177,9.92199315625,98.4459481927,1.60946809825,1.60946794684,1.60946779545,1.61039067201,1.60946809825,1.60879381262,0.384672954148,0.000698162469353,4.87E-07,373.856,0.0573711,54.0133,0,0.09718,6.03797,6.19601,6.19601,1,1,[1],29.0056491302,74.3991287247
MOZ,1.69252029448,175,19.649656229,146.713280805,146.618564706,146.52504691,160.442078834,146.713280805,138.896330115,0.553453232547,5.30447353463,28.1374394796,1.6101670351,1.61016660921,1.61016618367,1.61318564587,1.6101670351,1.60903872365,1.67913311838,0.00117158651098,1.37E-06,304.276,0.0617998,148.475,9.27E-05,0.10666,7.13809,9.63325,9.63325,3,1,[1],19.8716436479,46.4002593823
MSE,1.63280018952,136,20.3683476768,150.064739965,149.878019076,149.698855228,176.771899193,150.064739965,139.636320118,1.4031024092,7.64750074171,58.4842675944,1.60953891093,1.60953879759,1.60953868427,1.61040553039,1.60953891093,1.6087717791,0.379138860678,0.000604049228652,3.65E-07,678.25,0.0816148,0,2.45E-05,0.13326,6.01025,6.50057,6.48726,3,3,[3],22.9128949336,52.1688162902
MSO,1.77868197507,148,18.6978011883,149.657277688,149.592692917,149.529189102,157.545252346,149.657277688,144.808837471,0.867190369521,4.43315130339,19.6528304788,1.6091981765,1.60919794856,1.60919772065,1.61052242254,1.6091981765,1.60818066337,0.421433778005,0.000856574086177,7.34E-07,0,0,393.365,0.0489578,0,1.64391,6.82974,6.82974,0,0,[0],27.1256306709,44.6827325511
MTF,2.06932651309,12,16.0716260757,151.162190708,150.885239258,150.611830121,167.753688457,151.162190708,135.627493036,0.400570951494,9.20872855035,84.800681514,1.60853869153,1.60853845573,1.60853821997,1.60991635803,1.60853869153,1.60757783278,0.341538846256,0.000871014099487,7.59E-07,0,0.0231477,193.195,0,0.0479,3.63125,5.59384,5.59384,1,1,[1],26.4479917015,53.4196860286
MTN,1.71329049094,227,19.4114437236,174.955082293,174.903165566,174.850875561,180,174.955082293,169.354608406,-0.450522103099,4.2461457774,18.0297539629,1.61020703894,1.61020560041,1.61020416054,1.61155562186,1.61020703894,1.60649716403,-1.04702057233,0.00215135768055,4.63E-06,0,0,258.748,0.0320554,0,2.20889,6.41797,6.4044,0,0,[0],43.5270664911,103.424695971
MTT,1.81650619782,59,18.308465992,163.086556725,162.666026634,162.244314308,180,163.086556725,143.390458921,-0.0281529476664,11.6846070421,136.530041729,1.60935950366,1.60935934495,1.60935918623,1.61022231113,1.60935950366,1.6084407079,-0.228871223272,0.00071469663882,5.11E-07,296.817,0.0316984,0,0,0.05758,4.55815,5.54495,5.48231,1,1,[1],38.5575245326,87.4288588328
MTW,1.81904824444,12,18.2828806485,157.438995569,156.822648927,156.208076328,180,157.438995569,131.627818512,0.140493893102,13.9434314798,194.419281432,1.60962787672,1.60962763885,1.60962740095,1.61102127753,1.60962787672,1.60814917728,-0.274556904955,0.000875042117684,7.66E-07,353.615,0.0387237,0,0,0.07044,5.09995,5.31344,5.31344,1,1,[1],31.1762807561,54.664148155
MVY,2.0930339013,58,15.8895858907,151.004272101,149.654618668,148.367452192,180,151.004272101,130.350870773,0.495436195293,20.5665629856,422.983513042,1.61102190837,1.61102110402,1.6110202993,1.61229644358,1.61102190837,1.60875143563,-0.691249861639,0.00160949039924,2.59E-06,0,0,0,0.000544667,0,2.45874,2.9958,2.99537,0,0,[0],29.0207260316,48.3547588601
MWW,1.58973341052,10,20.9201377582,153.996357637,153.542350944,153.100039473,180,153.996357637,139.31856612,0.538810983399,11.966962069,143.208181161,1.60937089526,1.60936981265,1.60936872974,1.61188420014,1.60937089526,1.6051126,-0.342934329778,0.00186647542341,3.48E-06,689.93,0.0898143,0,0,0.14278,4.17151,9.28791,5.72769,2,2,[2],26.9832937726,63.6084311662
NAB,1.60525031095,119,20.7179165269,140.618747796,140.262548957,139.913714702,152.9485317,140.618747796,131.711097656,0.391616095109,10.0953811445,101.916720453,1.61304667044,1.6130464748,1.61304627907,1.61344379436,1.61304667044,1.61145817475,-1.5,0.000794247840746,6.31E-07,0,0.0241708,12.3123,0,0.0388,3.11112,3.77873,3.77873,3,3,[3],25.6215576048,46.4570842197
NAT,1.62033762702,141,20.5250075,150.236818164,149.549045568,148.922124498,180,150.236818164,140.530192263,1.43215634071,15.0189526374,225.568938326,1.60764874738,1.60764836342,1.60764797972,1.60987172724,1.60764874738,1.60709300242,1.5,0.00111148992907,1.24E-06,195.547,0.0344868,0,0,0.05588,3.84735,3.94936,3.94707,1,1,[1],25.6521124575,59.8060743499
NES,1.64052843493,69,20.2723959176,160.257403654,159.793365878,159.32903726,180,160.257403654,142.29278876,0.0249832140062,12.1798119675,148.347819565,1.60961143218,1.60959711608,1.60958280298,1.61809124323,1.60961143218,1.59862155868,0.0760690894178,0.00678940987665,4.61E-05,609.739,0.0714408,0,0,0.1172,4.66101,6.17238,6.17238,2,2,[2],36.81942136,76.5664628475
NON,1.76031651074,69,18.8928762209,166.754936397,166.490674842,166.215267488,180,166.754936397,144.415967285,-0.973674683087,9.1996611965,84.6337661304,1.60885990736,1.6088592706,1.60885863432,1.61175698583,1.60885990736,1.60711625903,1.27375415578,0.00143194342315,2.05E-06,0,0,277.539,0.0343576,0,1.84836,6.10031,6.10031,0,0,[0],43.1559169156,84.3436089092
NPO,1.8668099289,190,17.8151194892,142.916073446,142.524669395,142.134337281,153.485967638,142.916073446,132.346179254,3.21E-17,10.569894192,111.72266323,1.61215447665,1.61215442639,1.61215437614,1.61272378691,1.61215447665,1.61186982152,0.707106781185,0.00040256314508,1.62E-07,0,0.00473538,0,0,0.00884,3.1114,3.34323,3.34323,1,1,[1],29.8993516111,42.6498279776
NPT,1.34234029171,221,24.7757160777,136.603473904,136.246098188,135.918213572,159.594001558,136.603473904,131.578255221,1.77390896344,10.3013273889,106.117345974,1.61295846072,1.61295845881,1.61295845689,1.61306958755,1.61295846072,1.6129028973,0.70710678117,7.86E-05,6.17E-09,0,0.116454,773.569,0,0.15632,3.17958,9.89043,5.75582,3,3,[3],17.5353967117,30.6039800033
NSI,1.87383602515,12,17.7483202909,167.381828512,166.990403104,166.587504198,180,167.381828512,146.702974927,-0.568696539554,11.2779575724,127.192327006,1.60995428001,1.60995412462,1.60995396921,1.61048818777,1.60995428001,1.60895483158,-0.702154665729,0.000707267695288,5.00E-07,0,0.00605179,0,0,0.01134,2.8682,3.45688,3.45688,1,1,[1],48.5650049978,101.671891414
OBW,1.26983997932,139,26.1902621501,133.051368861,132.913921621,132.790980105,159.754144911,133.051368861,129.993578627,3.79527997389,6.39681016118,40.9191802381,1.61145940673,1.61145821607,1.61145702455,1.6135357795,1.61145940673,1.60703868988,-0.882413022481,0.00195823183983,3.83E-06,886.309,0.151469,189.415,0,0.19234,4.78303,8.8607,8.8607,3,3,[3],14.7502435791,25.1921286182
OFF,1.70147061551,6,19.2751348104,148.967988241,148.844885789,148.724620497,163.17470882,148.967988241,142.791178127,0.907709628677,6.1265565698,37.5346954029,1.61039094664,1.6103908119,1.61039067718,1.6113093425,1.61039094664,1.60979581267,0.617870847565,0.000658820575171,4.34E-07,438.872,0.0736925,140.341,3.74E-05,0.11838,6.05051,6.49729,6.49729,3,3,[3],24.1947749939,48.1539545973
OSI,1.76965738481,139,18.7931529755,160.124758361,159.42211985,158.712241931,179.945919201,160.124758361,135.654548314,-0.116345806067,14.9023771839,222.080845732,1.60981717297,1.60981510082,1.60981302824,1.61231022555,1.60981717297,1.60637036558,-0.197466855317,0.00258266050927,6.67E-06,341.32,0.0435454,0,0,0.07706,5.88168,6.26238,6.26238,1,1,[1],39.4337988896,73.1901787778
OWE,1.70908723252,51,19.459183425,149.936022904,149.713691567,149.51092249,180,149.936022904,145.12053312,2.67539212077,8.55442156766,73.1781283573,1.60999112891,1.6099911125,1.6099910961,1.61021992054,1.60999112891,1.60973138366,-0.0270831475808,0.000229836186521,5.28E-08,0,0.0413673,352.891,0,0.0707,3.38543,5.21524,5.20125,2,2,[2],22.993601761,52.242283071
PAU,1.58569524897,229,20.9734133772,148.740045193,148.717478668,148.69510072,153.85455171,148.740045193,144.1927441,0.741596991342,2.60180456992,6.76938702006,1.60975804877,1.60975705948,1.60975607036,1.61295425293,1.60975804877,1.60721781891,0.240451916069,0.00178482583112,3.19E-06,142.81,0.0560514,246.968,0,0.08888,3.65948,10.08159,10.08159,3,3,[3],21.7204483011,60.3139497585
PCR,1.87082189638,12,17.7769150614,154.150867563,153.816847782,153.49532861,180,154.150867563,139.899871362,0.975004373812,10.3440778499,106.999946564,1.60961236741,1.60961205292,1.60961173835,1.6107870567,1.60961236741,1.60764638516,-0.708223941774,0.00100602858335,1.01E-06,116.635,0.0246417,88.6043,0.000149668,0.0461,3.79966,5.60181,4.73354,2,2,[2],30.6219727037,66.5472139036
PHI,1.63418891885,63,20.35103871,148.618558776,148.605110457,148.591628987,151.247724856,148.618558776,145.052536488,-0.262506828963,1.99683851963,3.98736407347,1.60915806777,1.60915803516,1.60915800255,1.60948202158,1.60915806777,1.60883411397,-2.57E-13,0.000323953805254,1.05E-07,0,0.0388084,254.916,0,0.06342,3.2511,5.00169,5.00169,3,3,[3],26.020405433,54.2460740303
PON,1.81326456063,29,18.3411966842,148.06723765,147.690263011,147.322939072,168.897212028,148.06723765,134.34821519,0.594909330753,10.6965249083,114.415645115,1.60966983557,1.60966948535,1.60966913528,1.61171546532,1.60966983557,1.60859458079,0.884487939281,0.00106202486912,1.13E-06,220.557,0.0257438,0,0,0.04668,3.89517,4.50165,4.50165,1,1,[1],24.8971209425,47.6460618482
PUN,1.49331856616,60,22.2708286769,138.970675354,138.722447879,138.47549758,153.879902895,138.970675354,127.165187202,0.17047335527,8.32353168974,69.2811797901,1.61161351302,1.61161312441,1.61161273565,1.61273861938,1.61161351302,1.6097075782,-0.81028696603,0.00111898197701,1.25E-06,737.871,0.0770637,0,0,0.11508,3.95386,4.98735,4.98129,3,3,[3],19.9387990741,39.0943282272
RHO,1.44222225171,229,23.0598591219,147.5018272,147.501217505,147.500607812,147.925928607,147.5018272,147.077725793,-1.57E-13,0.424101407058,0.179862003468,1.60932934093,1.60932934093,1.60932934093,1.60932934093,1.60932934093,1.60932934093,1.60777519626,7.67E-16,5.89E-31,745.306,0.121854,0,0,0.17574,3.66161,10.03077,9.10999,3,3,[3],22.7509512427,52.2812397601
RRO,1.78217928095,13,18.6611090716,152.730121039,151.92644404,151.120669044,180,152.730121039,127.1162744,0.0287398507751,15.6248471032,244.135846997,1.60902806777,1.60902726948,1.60902647143,1.61165278021,1.60902806777,1.60691236658,0.460498676068,0.00160303967508,2.57E-06,0,0.0214907,15.6944,0,0.0383,3.52279,3.86868,3.86868,2,2,[2],28.7051230292,50.6123314669
RSN,1.67673694056,12,19.8346211278,146.854935259,146.280811586,145.718860604,180,146.854935259,130.998169374,0.523374882288,13.1293506244,172.379847819,1.61174593178,1.61174465683,1.61174338189,1.61396032794,1.61174593178,1.60914359645,-0.00138405012928,0.00202725447253,4.11E-06,0,0.0253231,24.3679,0,0.04246,3.37038,4.26275,3.74508,2,2,[2],24.0820725977,45.1593465406
RTE,1.71212008877,12,19.4247133511,150.22623824,150.093023054,149.961633606,159.279676335,150.22623824,142.993205529,0.481109032792,6.36705554827,40.5393963548,1.60929763102,1.6092975656,1.60929750017,1.60979894882,1.60929763102,1.60869010555,-0.334782459712,0.000458870641995,2.11E-07,0,0.0490856,410.756,0,0.08404,3.57981,6.42419,6.35827,1,1,[1],22.2557355246,45.0747036244
RTH,1.60531482278,12,20.7170839483,150.159846013,150.023208597,149.8841309,156.805967319,150.159846013,137.96256898,-0.601905953633,6.34744940202,40.2901139113,1.6099570885,1.60995691751,1.60995674653,1.61077852078,1.6099570885,1.60911942524,-0.00820522689641,0.000741986610081,5.51E-07,583.696,0.0778294,0,0,0.12494,3.73944,7.63706,7.63477,1,1,[1],21.1414017773,42.136418156
RUT,1.80889969368,12,18.3854539106,148.927895972,148.814833828,148.700084638,155.935187077,148.927895972,137.817274584,-0.546300245681,5.75901160176,33.1662146292,1.61016110821,1.61016093523,1.61016076225,1.61122334444,1.61016110821,1.60909639068,-0.0505571785001,0.000746347459864,5.57E-07,0,0,255.939,0.031898,0,1.88258,5.4174,5.4174,0,0,[0],25.4975780848,38.9416994291
RWR,1.91578006645,141,17.3597390062,155.121390581,154.514265567,153.904343972,180,155.121390581,135.35673899,0.0417315383754,13.6893756752,187.399006378,1.60902865504,1.60902855508,1.60902845512,1.60959582359,1.60902865504,1.60846148649,-2.20E-13,0.000567168547641,3.22E-07,0,0.0112435,34.7658,0,0.02154,2.82901,3.92311,3.92108,1,1,[1],36.1818372776,70.6399623839
RWY,0.854625282735,217,38.9146478801,124.195733557,123.580500937,123.011738762,146.33547724,124.195733557,116.056614904,1.13681434065,12.8161617915,164.254003067,1.60348563947,1.60348563947,1.60348563947,1.60348563947,1.60348563947,1.60348563947,0.404743945406,8.72E-16,7.60E-31,2210.37,0.490627,0,0,0.4193,5.89361,14.00449,14.00449,3,3,[3],12.7023154467,27.2725112715
SAF,1.89556799731,72,17.5448424927,148.035848474,147.80586121,147.582105421,169.773037941,148.035848474,137.228705997,0.853163677225,8.36820789817,70.0269034269,1.61017781784,1.61017763693,1.61017745598,1.61099073026,1.61017781784,1.60896610633,-0.648651440283,0.000763206928853,5.82E-07,333.391,0.0437971,0,0,0.08302,5.73442,6.24034,6.24034,1,1,[1],24.7105100801,48.8219592823
SAO,1.41518774113,119,23.5003745301,141.767954369,141.638987447,141.513095304,155.295628542,141.767954369,134.406612319,0.892245910464,6.11957283251,37.4491716524,1.61101997193,1.61101985965,1.61101974735,1.61146103492,1.61101997193,1.61008366033,-0.858118927934,0.000601411833476,3.62E-07,1055.26,0.155627,0,0,0.22024,6.29866,8.22178,8.2031,3,3,[3],18.058074084,45.3929738209
SAS,1.4913067735,139,22.3008723208,151.396563116,151.380957785,151.365313692,155.13974809,151.396563116,148.078640298,-0.239750027923,2.17104303681,4.71342786769,1.62665669728,1.62665669454,1.62665669179,1.62675123505,1.62665669728,1.62656215952,4.40E-13,9.45E-05,8.94E-09,682.419,0.0970831,0,0,0.14478,3.81888,8.54766,8.50655,1,1,[1],24.459200301,61.4791953976
SAT,1.81922926733,1,17.8326127438,150.702981446,150.555345725,150.413958013,167.051672603,150.702981446,144.6127426,1.51219511737,6.81555628374,46.4518074569,1.60986714478,1.60986694085,1.60986673685,1.61047505503,1.60986714478,1.60847213376,-1.1134288674,0.0008101503606,6.56E-07,0,0.0587953,477.371,0.000412227,0.09984,2.84723,6.18033,6.18005,3,3,[3],25.3704779448,59.1540840701
SAV,1.45792759333,129,22.8114496901,149.012150107,148.984829437,148.957430916,154.594179739,149.012150107,143.155516824,-0.182367157052,2.84950779635,8.11969468145,1.62696847972,1.62696811334,1.62696774685,1.62774872482,1.62696847972,1.62542462486,-0.70698363997,0.00109169136501,1.19E-06,494.926,0.0966034,197.704,0,0.14084,3.70255,8.28251,8.26047,3,3,[3],25.8046022283,58.5854958196
SBE,1.37014940989,139,24.2728579138,144.496080723,144.45721492,144.418316561,150.36176718,144.496080723,139.452441941,-0.0446851160579,3.34967256551,11.2203062961,1.61044649461,1.6104452232,1.61044395184,1.6128666721,1.61044649461,1.60838728137,0.0622932637624,0.00202368902606,4.10E-06,826.717,0.172493,39.4931,0,0.23634,6.83474,12.09716,12.09716,3,3,[3],19.3137281022,47.8232353282
SBN,1.61086760457,176,20.6456706018,144.576164699,144.038871726,143.5478312,180,144.576164699,132.357576624,1.75394699932,13.0498379394,170.298270245,1.609685948,1.60968591703,1.60968588607,1.61007267275,1.609685948,1.6094281315,0.408248290465,0.000315759434025,9.97E-08,0,0.035658,198.249,0,0.05744,3.40289,4.41766,4.38953,2,2,[2],22.3559051205,50.7461650687
SBS,1.36886326864,176,24.2956639345,143.690624857,143.628464492,143.565971515,150.696924918,143.690624857,135.798669383,-0.224906830795,4.21535022638,17.769177531,1.60989706432,1.60989586226,1.60989466093,1.61308637265,1.60989706432,1.60785391605,0.744503860531,0.00196792749674,3.87E-06,978.741,0.177374,0,0.000350658,0.2428,6.86668,10.98105,10.92859,3,3,[3],18.6942799079,49.0682127963
SBT,1.36816400117,146,24.3080814278,143.736207221,143.673429317,143.61031005,150.676353886,143.736207221,135.852438188,-0.231489241579,4.23664969139,17.9492006076,1.61010361905,1.61010354431,1.61010346958,1.61081949566,1.61010361905,1.60943342548,0.13937560545,0.000490583091806,2.41E-07,972.995,0.175973,0,0.000362772,0.24254,6.94395,10.39668,10.39178,3,3,[3],18.5478413307,48.9796611732
SFE,1.68867948473,11,19.6943483045,159.696008364,159.004826623,158.29751915,180,159.696008364,135.991749239,-0.333269045969,14.664129166,215.036684198,1.60992259965,1.60992233709,1.60992207449,1.61122870551,1.60992259965,1.60857519943,-0.405817954415,0.000919383709115,8.45E-07,511.488,0.0637306,0,0,0.10762,5.81325,6.23954,6.23954,1,1,[1],36.5707301494,69.4724790785
SFF,1.78050635966,11,18.6786426044,146.274800553,145.948512859,145.637694766,172.705878557,146.274800553,132.405109855,1.21080880746,10.0125802381,100.251763025,1.60983215472,1.60983172235,1.60983128979,1.61150456395,1.60983215472,1.60724701461,-0.901015000767,0.00117960063088,1.39E-06,495.333,0.0658131,0,0,0.11718,4.93842,7.09171,6.78466,1,1,[1],21.4630440192,36.6914764101
SFG,1.75997432713,51,18.8965494748,153.474907112,153.199911748,152.934184188,178.112478299,153.474907112,140.739986437,0.925373636041,9.3440876129,87.3119733175,1.60998153577,1.60998089872,1.60998026148,1.61207609674,1.60998153577,1.60640612295,-0.526779999149,0.00143199550244,2.05E-06,419.166,0.0497396,0,0,0.08754,4.9824,6.36031,6.35801,2,2,[2],27.4921802542,63.8251018644
SFH,1.64543534542,63,20.2119408943,156.948154445,156.295816701,155.646011215,179.800489934,156.948154445,135.303322346,0.105656803341,14.3167539204,204.969442816,1.60954664148,1.60954620472,1.6095457679,1.61139855636,1.60954664148,1.6073923168,-0.283567410812,0.00118564685816,1.41E-06,539.732,0.0817782,0,1.22E-05,0.13456,6.36742,7.66237,7.65181,1,1,[1],29.3044957968,65.6049227659
SFN,1.65159478782,12,20.136562668,156.329557094,155.699468061,155.071774552,177.937634744,156.329557094,134.914949396,0.101285610651,14.0421590829,197.18223171,1.60894173408,1.60894125376,1.60894077328,1.61066900693,1.60894173408,1.60650839465,-0.599536991967,0.001243044126,1.55E-06,541.947,0.0827205,0,1.21E-05,0.13662,6.29921,7.47088,7.30766,1,1,[1],27.6324410963,62.0378210974
SFO,1.51331159964,12,21.9765988412,145.218481241,145.19253093,145.166573699,149.593831737,145.218481241,141.49589835,-0.0147921114088,2.74479004622,7.53387239782,1.61032064952,1.61032060244,1.61032055536,1.6107292503,1.61032064952,1.60977283778,-0.289658039354,0.00038939227345,1.52E-07,719.692,0.108782,0,0,0.16462,6.54891,7.48533,7.48533,2,2,[2],23.0716577663,48.4579133317
SFS,1.65917010564,11,20.0446246192,149.795621658,149.557724725,149.332964113,180,149.795621658,138.11719607,1.71854962759,8.69528072119,75.6079068204,1.60930480261,1.6093045036,1.60930420459,1.61124884327,1.60930480261,1.60733675778,-0.0306483995348,0.000981011194902,9.62E-07,648.796,0.0806431,0,0,0.1338,5.47792,7.0496,7.0496,2,2,[2],22.4550267498,48.9706707594
SGT,1.7416857764,141,19.0949724673,153.185388003,152.909106366,152.632669306,170.837843541,153.185388003,136.349012593,0.132351797713,9.20287871819,84.6929767017,1.61111737511,1.61111676269,1.61111615051,1.61339203154,1.61111737511,1.6095436056,0.701643061765,0.00140505662911,1.97E-06,0,0,381.816,0.049527,0,1.67401,7.19924,7.19924,0,0,[0],28.3978738142,53.2275539702
SIV,1.63279417495,63,20.3684227059,149.233364303,149.224649577,149.21588837,151.264570679,149.233364303,145.774171431,-0.732515772134,1.60846480523,2.58715902966,1.60925516242,1.60925513074,1.60925509906,1.60967723004,1.60925516242,1.6087986296,-0.145015541807,0.000319309865602,1.02E-07,0,0.0376534,238.121,0,0.06148,3.29366,4.98328,4.98328,3,3,[3],25.5495785037,53.4794202458
SOD,1.66165347733,229,20.014667559,160.303206966,160.303206966,160.303206966,160.303206966,160.303206966,160.303206966,-0.272165526976,3.48E-14,1.21E-27,1.60850638592,1.60850638592,1.60850638592,1.60850638592,1.60850638592,1.60850638592,1.34107933844,4.58E-16,2.10E-31,0,0,314.58,0.0377217,0,2.13224,5.80474,5.80474,0,0,[0],33.2636784395,76.9279394928
SOF,1.63846881495,15,20.2978791196,147.7092533,147.352146452,147.023546497,180,147.7092533,139.045783315,1.89408789833,10.7068078005,114.635733277,1.61050514989,1.61050499571,1.61050484152,1.61145156069,1.61050514989,1.60943770605,-0.168565166903,0.000704695930114,4.97E-07,477.353,0.0555644,39.2816,0,0.09104,3.81854,4.73798,4.73798,3,3,[3],23.5806481747,53.0987980011
SOS,1.69291046056,53,19.645127561,133.007305071,132.518351461,132.041232392,156.254871425,133.007305071,116.104393087,0.480654586392,11.5327519214,133.004366881,1.61257544888,1.61257035282,1.61256526256,1.61828594995,1.61257544888,1.60924694304,0.678341336275,0.00405638077077,1.65E-05,217.317,0.0374505,0,0,0.0634,3.82561,4.38679,4.31768,1,1,[1],17.3355585527,28.5816508153
SSF,1.64199954757,175,20.2542333195,153.405849163,153.178417717,152.962299589,172.69669839,153.405849163,144.235811443,1.43741685543,8.56548305558,73.3674999754,1.60854206745,1.60854186367,1.60854165983,1.60940326786,1.60854206745,1.60713916918,-0.858682065091,0.000809564033202,6.55E-07,588.251,0.0797446,0.175761,0.00037759,0.13094,5.76247,7.25883,7.23857,2,2,[2],25.768708934,69.863688367
SSY,1.68356107961,59,19.7542235621,159.744442039,159.107767121,158.451262426,180,159.744442039,134.75129071,-0.43488492052,14.0334484339,196.937674947,1.60914712176,1.60914682728,1.60914653282,1.61059727754,1.60914712176,1.6076674205,0.164050857333,0.000973539250159,9.48E-07,503.211,0.0636274,0,0,0.10712,5.53509,6.93735,6.93735,1,1,[1],35.910411681,69.5046265482
STF,1.68370726865,12,19.752508388,154.310299994,153.672448921,153.034242842,176.48036379,154.310299994,134.301331682,0.028216215989,14.0053681393,196.150336718,1.60994798914,1.60994722892,1.609946469,1.61241255152,1.60994798914,1.6083682293,0.639725564071,0.00156488428326,2.45E-06,568.81,0.0741344,0,0,0.12482,5.03574,7.21986,7.21986,1,1,[1],26.0625436616,58.5298672709
STI,1.6657308922,69,19.9656751897,148.428609565,148.328548362,148.232451889,167.262913659,148.428609565,141.079622743,1.82562132175,5.5654484614,30.9742165765,1.6091130597,1.60911297576,1.60911289184,1.60998342034,1.6091130597,1.6085691996,0.767964705609,0.000519774613188,2.70E-07,556.511,0.0608865,0,0,0.10142,4.54217,5.82266,5.81726,1,1,[1],21.6444488531,50.5522842645
STT,1.6924003028,14,19.6510493953,147.612854651,147.320814013,147.026134075,170.421039569,147.612854651,129.110301724,-0.0797557348691,9.2473943407,85.5143020924,1.60978818972,1.60978775056,1.60978731135,1.61192081004,1.60978818972,1.60732877404,-0.211356334284,0.0011890191104,1.41E-06,518.53,0.0639568,0,0,0.10824,3.67399,6.56577,6.55562,1,1,[1],20.1363235291,37.3480943431
STW,1.63529904259,169,20.3372233952,146.402262257,146.087341529,145.782961209,174.193945822,146.402262257,133.095267199,0.952306474986,9.77519830699,95.5545019411,1.61026983477,1.61026906995,1.61026830501,1.61241446052,1.61026983477,1.60775627426,-0.255680184037,0.00156930480439,2.46E-06,640.103,0.0635116,0,0,0.10386,4.47825,4.90862,4.90862,3,3,[3],21.9772629875,44.101622818
SZR,1.75904461977,65,18.9065368628,153.66509065,153.514675226,153.375572418,180,153.66509065,149.180883704,2.79896794003,7.07437467777,50.0467770815,1.60867346341,1.6086732599,1.6086730563,1.60933864862,1.60867346341,1.60718686068,-1.20719602085,0.000809015570005,6.55E-07,327.679,0.0380095,0,4.55E-05,0.06686,4.29163,5.59362,5.59352,3,3,[3],26.5821156766,76.3738462978
TER,1.70040667959,63,19.5585222914,155.09735184,154.718752872,154.363893003,180,155.09735184,142.861398258,1.4223859019,11.1845463908,125.094077967,1.60988791041,1.60988772741,1.60988754445,1.61145977356,1.60988791041,1.60898620263,0.586102121785,0.000767668212123,5.89E-07,537.291,0.057116,0,0,0.09712,4.69054,6.18221,6.15252,2,2,[2],28.7864773205,72.8176010859
THO,1.57063399809,51,21.1745333333,150.041039196,149.344889973,148.710764538,180,150.041039196,140.289190111,1.43279889912,15.1048844385,228.1575339,1.62740685322,1.62740602587,1.6274051983,1.62882387291,1.62740685322,1.62540012925,-0.399832393892,0.00164077886359,2.69E-06,0,0.0396784,291.85,0,0.06232,3.28992,4.47856,4.47221,2,2,[2],25.6074208817,65.0454749234
TOL,1.82177660038,147,18.1562526197,149.607362704,149.208627008,148.800633218,163.56343695,149.607362704,127.075266628,-0.377941564736,10.7963589883,116.561367404,1.61006790859,1.61006764318,1.61006737772,1.61140771918,1.61006790859,1.60810927677,-0.397393002385,0.000924415981686,8.55E-07,0,0,243.004,0.0292699,0,1.94738,5.55188,5.54474,0,0,[0],25.5451505971,39.9121551659
TON,1.81029501716,63,18.37128293,164.122782532,163.725303318,163.337721229,180,164.122782532,150.887447741,0.524072389692,11.5509137219,133.423607811,1.60917786815,1.60917776976,1.60917767138,1.60992148467,1.60917786815,1.60856055486,0.32536428978,0.000562729576834,3.17E-07,315.428,0.0322601,0,0,0.0584,4.64972,5.04731,5.03716,1,1,[1],39.8878782367,92.8692907411
TSC,1.31869684176,225,25.2199299292,146.159255918,146.122882367,146.086619199,150.644490046,146.159255918,141.847732141,0.202707569347,3.26531041734,10.6622521216,1.61006946932,1.61006942719,1.61006938506,1.61043779615,1.61006946932,1.60970114249,-7.35E-13,0.000368326827017,1.36E-07,813.559,0.188081,26.767,0.00291198,0.24802,3.68135,15.87561,15.86499,3,3,[3],20.0361762603,45.21850317
TUN,1.75678564315,12,18.9308479818,148.677310141,148.419531856,148.173345526,172.027816601,148.677310141,133.719856279,1.2626276951,8.95915191915,80.2664031105,1.60944644586,1.60944591554,1.60944538519,1.61170125178,1.60944644586,1.60692080422,-0.101863996835,0.00130650305406,1.71E-06,507.79,0.0587098,0,0,0.10314,4.9923,8.04241,7.88314,3,3,[3],22.0523226992,41.9990569961
UEI,1.74209651363,42,19.0904704113,149.766899513,149.568955115,149.375487634,165.854651722,149.766899513,142.088667605,0.683223683639,7.78454398125,60.599124996,1.62799860426,1.62799843584,1.62799826738,1.62861077814,1.62799860426,1.62695675776,-0.675026322578,0.000740454715319,5.48E-07,0,0.0216981,141.655,1.15E-05,0.0378,3.36371,5.11766,4.89648,2,2,[2],26.7726586185,53.208831715
UFI,1.51675076296,139,21.9267679036,149.547817573,149.322483409,149.101366007,165.955966018,149.547817573,137.291870243,0.58757356683,8.28666840905,68.6688733216,1.60905799161,1.60905764058,1.60905728961,1.61059893972,1.60905799161,1.60806941874,0.376743273891,0.00106293721765,1.13E-06,0,0.104105,662.684,0,0.1579,3.49453,9.69004,9.35844,2,2,[2],21.1462678339,50.1845519702
UOS,1.75804846719,51,18.9172497617,149.178095163,148.891295936,148.629446412,180,149.178095163,144.1747443,2.24589058379,9.67618531491,93.6285622484,1.60951004885,1.60950994078,1.60950983269,1.61011544725,1.60951004885,1.60869107413,-0.591761419329,0.000589783034454,3.48E-07,318.68,0.0355737,0,0,0.06254,3.75117,5.31802,5.31802,2,2,[2],24.6787847046,55.808812343
UOZ,1.94952041695,126,17.0592939975,142.37757596,142.188508916,141.998066344,149.892937364,142.37757596,132.894665735,-0.23338852746,7.30459780338,53.3571490692,1.6093974811,1.60939672757,1.60939597391,1.61149933125,1.6093974811,1.60752762399,-0.276190631314,0.00155724791969,2.43E-06,0,0,186.692,0.0214002,0,0.83627,4.93863,4.93863,0,0,[0],25.8479128867,36.6528980236
USI,1.58713691813,12,20.9543622652,142.907858468,142.730518207,142.556271231,158.48119818,142.907858468,133.217338234,0.600556315879,7.18208630574,51.5823637031,1.61089098688,1.61089057631,1.61089016577,1.6122636699,1.61089098688,1.60944947536,0.190392160521,0.00115017839058,1.32E-06,662.583,0.0917128,73.7464,0,0.14556,5.84374,6.3201,6.3201,2,2,[2],20.4241587248,40.1979540206
UTL,1.55629136754,12,21.3696757822,148.61576751,148.234324517,147.859443329,180,148.61576751,130.065148193,0.512740569376,10.7456268435,115.468496259,1.61102848798,1.61102766675,1.61102684485,1.61270676626,1.61102848798,1.60668906749,-1.23384714358,0.0016259863849,2.64E-06,799.374,0.121083,0,0,0.18844,7.1201,8.69896,8.48695,2,2,[2],19.2351516006,41.4151237312
UWY,1.62670413771,47,20.444677785,150.884612487,150.585538523,150.293104955,178.002433196,150.884612487,133.241181622,0.646751335641,9.60907538827,92.3343298174,1.61002786449,1.61002741906,1.61002697341,1.61148283025,1.61002786449,1.60702303613,-0.944386024577,0.00119735263094,1.43E-06,660.168,0.0796953,0,0,0.12964,5.63563,8.37969,8.37969,3,3,[3],21.7765411031,51.7172458507
VET,2.01345269591,81,16.5176177293,144.788252454,144.572534695,144.359278046,160.338296472,144.788252454,133.002028636,0.384619343944,7.94813121765,63.172789853,1.60974773057,1.6097476033,1.60974747604,1.61112181668,1.60974773057,1.60887793112,0.141312534952,0.000640123424866,4.10E-07,271.863,0.0308427,0,0,0.0621,5.57612,5.98719,5.98719,1,1,[1],22.132186352,39.7857961758
VFI,1.44443145536,185,23.0245899337,160.973810288,158.859173443,156.605185376,180,160.973810288,125.602318941,-0.703816617872,25.0243992162,626.220556133,1.60897289386,1.60897236401,1.60897183412,1.61052891705,1.60897289386,1.60733375713,-0.095220633806,0.00130574184086,1.70E-06,676.65,0.160728,0,0,0.23216,10.99327,11.40675,11.17362,1,1,[1],23.5653260297,54.7777806736
VNI,1.75271542509,138,18.9748098698,146.468827464,146.014494235,145.564934583,180,146.468827464,131.257521591,0.371270249437,11.6040007123,134.65283253,1.61031431832,1.61031223836,1.61031015572,1.61297860122,1.61031431832,1.60462563864,-1.19544019977,0.002586543308,6.69E-06,0,0.0133622,58.1088,0.00099275,0.02342,2.60942,4.40384,4.40384,2,1,[1],26.5616183125,45.3224169747
VSV,1.67632992629,141,19.8394369899,147.703047614,147.000234352,146.323234,180,147.703047614,131.043298121,0.732159794472,14.6827755229,215.583897057,1.61054145219,1.61054141913,1.61054138608,1.61146259384,1.61054145219,1.6104035307,2.45423539255,0.000326380090695,1.07E-07,0,0.022788,3.33321,0,0.0382,3.37111,3.74729,3.73312,2,2,[2],25.9326382641,48.0151294887
WEI,1.64670975578,66,20.1962986071,135.652668203,135.525332068,135.400846576,145.850467103,135.652668203,130.869665011,0.778484175861,5.94157882924,35.302358984,1.61169541728,1.61169539351,1.61169536973,1.61183382326,1.61169541728,1.61114179337,-1.5,0.00027681195853,7.66E-08,0,0.027048,31.4733,0,0.04454,3.03437,3.79248,3.79248,3,3,[3],21.5472115623,36.4098398709
YUG,1.79097084201,12,18.5695049673,154.228639207,153.828678955,153.452786395,180,154.228639207,144.541577332,1.33145756533,11.4479868642,131.056403244,1.6090410458,1.60904058958,1.60904013336,1.6102527219,1.6090410458,1.60782936971,-3.78E-13,0.0012116760967,1.47E-06,0,0.0156117,44.4834,0,0.02796,2.69941,4.01634,4.00336,2,2,[2],31.7354958654,69.6497034479
ZON,1.80066143401,57,18.4695697475,144.247461395,144.054558709,143.86419769,157.998071417,144.247461395,131.868612223,0.477475778237,7.51071998343,56.4109146695,1.60954247834,1.60954228408,1.60954208988,1.61085995916,1.60954247834,1.60878756145,0.899409698966,0.000790900869898,6.26E-07,0,0.0289006,233.942,0,0.05204,3.11899,5.21292,5.21292,1,1,[1],21.008147526,37.3919311946
